Fecha,Moneda,Tipo_Cambio_USD
2025-01-01,ARS,1494.782
2025-01-01,UYU,43.1415
2025-01-01,BRL,6.0058
2025-01-01,MXN,18.0829
2025-01-02,ARS,1496.9845
2025-01-02,UYU,43.0273
2025-01-02,BRL,5.9973
2025-01-02,MXN,17.9511
2025-01-03,ARS,1498.7269
2025-01-03,UYU,42.9257
2025-01-03,BRL,5.9928
2025-01-03,MXN,18.0129
2025-01-04,ARS,1495.1016
2025-01-04,UYU,43.1125
2025-01-04,BRL,6.0254
2025-01-04,MXN,17.9305
2025-01-05,ARS,1503.5733
2025-01-05,UYU,43.0627
2025-01-05,BRL,5.9859
2025-01-05,MXN,18.051
2025-01-06,ARS,1493.3361
2025-01-06,UYU,42.8589
2025-01-06,BRL,6.0256
2025-01-06,MXN,17.9174
2025-01-07,ARS,1503.0654
2025-01-07,UYU,43.2063
2025-01-07,BRL,6.0153
2025-01-07,MXN,18.0646
2025-01-08,ARS,1492.8211
2025-01-08,UYU,43.0705
2025-01-08,BRL,6.0045
2025-01-08,MXN,17.9573
2025-01-09,ARS,1504.3028
2025-01-09,UYU,42.8632
2025-01-09,BRL,5.9701
2025-01-09,MXN,17.9992
2025-01-10,ARS,1496.3823
2025-01-10,UYU,43.0507
2025-01-10,BRL,5.9726
2025-01-10,MXN,17.954
2025-01-11,ARS,1494.9136
2025-01-11,UYU,42.9553
2025-01-11,BRL,6.0221
2025-01-11,MXN,17.9571
2025-01-12,ARS,1501.9642
2025-01-12,UYU,42.9317
2025-01-12,BRL,5.9738
2025-01-12,MXN,18.0556
2025-01-13,ARS,1504.273
2025-01-13,UYU,43.0851
2025-01-13,BRL,5.9798
2025-01-13,MXN,17.9827
2025-01-14,ARS,1505.4357
2025-01-14,UYU,42.8192
2025-01-14,BRL,6.023
2025-01-14,MXN,17.982
2025-01-15,ARS,1502.0128
2025-01-15,UYU,43.1582
2025-01-15,BRL,6.005
2025-01-15,MXN,17.9286
2025-01-16,ARS,1503.3001
2025-01-16,UYU,43.2119
2025-01-16,BRL,5.9996
2025-01-16,MXN,18.0605
2025-01-17,ARS,1506.5962
2025-01-17,UYU,42.7989
2025-01-17,BRL,5.9751
2025-01-17,MXN,17.9561
2025-01-18,ARS,1497.2915
2025-01-18,UYU,43.0551
2025-01-18,BRL,6.005
2025-01-18,MXN,17.9126
2025-01-19,ARS,1501.8396
2025-01-19,UYU,43.0591
2025-01-19,BRL,6.0125
2025-01-19,MXN,17.9533
2025-01-20,ARS,1504.9077
2025-01-20,UYU,43.1157
2025-01-20,BRL,5.9755
2025-01-20,MXN,17.941
2025-01-21,ARS,1495.3552
2025-01-21,UYU,42.8009
2025-01-21,BRL,5.9921
2025-01-21,MXN,18.0516
2025-01-22,ARS,1498.8876
2025-01-22,UYU,42.8907
2025-01-22,BRL,6.0084
2025-01-22,MXN,18.0273
2025-01-23,ARS,1501.6562
2025-01-23,UYU,42.8248
2025-01-23,BRL,6.0249
2025-01-23,MXN,18.0552
2025-01-24,ARS,1492.7486
2025-01-24,UYU,42.8301
2025-01-24,BRL,6.019
2025-01-24,MXN,17.9352
2025-01-25,ARS,1500.102
2025-01-25,UYU,42.8814
2025-01-25,BRL,5.9841
2025-01-25,MXN,18.0762
2025-01-26,ARS,1500.1607
2025-01-26,UYU,43.2012
2025-01-26,BRL,5.9941
2025-01-26,MXN,18.0079
2025-01-27,ARS,1497.1481
2025-01-27,UYU,42.9607
2025-01-27,BRL,6.0091
2025-01-27,MXN,17.9221
2025-01-28,ARS,1505.5436
2025-01-28,UYU,43.2095
2025-01-28,BRL,5.9914
2025-01-28,MXN,18.0109
2025-01-29,ARS,1504.1581
2025-01-29,UYU,42.8422
2025-01-29,BRL,6.0139
2025-01-29,MXN,18.0737
2025-01-30,ARS,1496.4008
2025-01-30,UYU,42.9825
2025-01-30,BRL,5.9942
2025-01-30,MXN,17.9704
2025-01-31,ARS,1507.1613
2025-01-31,UYU,42.9837
2025-01-31,BRL,5.9879
2025-01-31,MXN,17.9156
2025-02-01,ARS,1506.2762
2025-02-01,UYU,43.0572
2025-02-01,BRL,5.9864
2025-02-01,MXN,18.0125
2025-02-02,ARS,1493.722
2025-02-02,UYU,43.2038
2025-02-02,BRL,5.9757
2025-02-02,MXN,17.9438
2025-02-03,ARS,1505.8111
2025-02-03,UYU,43.2036
2025-02-03,BRL,5.9747
2025-02-03,MXN,18.06
2025-02-04,ARS,1505.1566
2025-02-04,UYU,43.2026
2025-02-04,BRL,5.9869
2025-02-04,MXN,18.0082
2025-02-05,ARS,1492.6484
2025-02-05,UYU,43.1104
2025-02-05,BRL,5.9942
2025-02-05,MXN,18.0213
2025-02-06,ARS,1501.3384
2025-02-06,UYU,42.8341
2025-02-06,BRL,5.9912
2025-02-06,MXN,17.9786
2025-02-07,ARS,1494.7448
2025-02-07,UYU,43.0034
2025-02-07,BRL,6.0219
2025-02-07,MXN,18.0722
2025-02-08,ARS,1495.2619
2025-02-08,UYU,42.9165
2025-02-08,BRL,5.9919
2025-02-08,MXN,17.9358
2025-02-09,ARS,1504.5555
2025-02-09,UYU,43.0358
2025-02-09,BRL,6.0285
2025-02-09,MXN,17.9848
2025-02-10,ARS,1498.4167
2025-02-10,UYU,43.1944
2025-02-10,BRL,5.9933
2025-02-10,MXN,18.0524
2025-02-11,ARS,1503.4635
2025-02-11,UYU,42.9901
2025-02-11,BRL,6.0149
2025-02-11,MXN,17.9723
2025-02-12,ARS,1505.7911
2025-02-12,UYU,43.0405
2025-02-12,BRL,6.0261
2025-02-12,MXN,18.0653
2025-02-13,ARS,1505.3895
2025-02-13,UYU,42.8994
2025-02-13,BRL,6.0024
2025-02-13,MXN,18.0198
2025-02-14,ARS,1495.1799
2025-02-14,UYU,43.1644
2025-02-14,BRL,6.0128
2025-02-14,MXN,17.9823
2025-02-15,ARS,1498.6722
2025-02-15,UYU,42.8129
2025-02-15,BRL,5.9886
2025-02-15,MXN,18.015
2025-02-16,ARS,1497.5549
2025-02-16,UYU,42.9678
2025-02-16,BRL,5.9933
2025-02-16,MXN,18.0586
2025-02-17,ARS,1495.4483
2025-02-17,UYU,43.1106
2025-02-17,BRL,6.015
2025-02-17,MXN,17.9705
2025-02-18,ARS,1507.3201
2025-02-18,UYU,42.8582
2025-02-18,BRL,5.9978
2025-02-18,MXN,17.9674
2025-02-19,ARS,1495.205
2025-02-19,UYU,43.1743
2025-02-19,BRL,5.9917
2025-02-19,MXN,17.9558
2025-02-20,ARS,1504.7766
2025-02-20,UYU,43.1772
2025-02-20,BRL,5.9708
2025-02-20,MXN,18.017
2025-02-21,ARS,1499.3558
2025-02-21,UYU,43.0362
2025-02-21,BRL,6.0088
2025-02-21,MXN,18.0266
2025-02-22,ARS,1505.6335
2025-02-22,UYU,42.8234
2025-02-22,BRL,6.0291
2025-02-22,MXN,17.9591
2025-02-23,ARS,1506.1094
2025-02-23,UYU,43.1488
2025-02-23,BRL,6.0163
2025-02-23,MXN,17.9291
2025-02-24,ARS,1495.7098
2025-02-24,UYU,43.1379
2025-02-24,BRL,6.0102
2025-02-24,MXN,17.9376
2025-02-25,ARS,1500.8756
2025-02-25,UYU,42.8489
2025-02-25,BRL,5.9704
2025-02-25,MXN,18.0832
2025-02-26,ARS,1500.0113
2025-02-26,UYU,43.0197
2025-02-26,BRL,5.9961
2025-02-26,MXN,17.9312
2025-02-27,ARS,1505.2831
2025-02-27,UYU,42.8776
2025-02-27,BRL,6.0048
2025-02-27,MXN,17.9913
2025-02-28,ARS,1493.2861
2025-02-28,UYU,43.0071
2025-02-28,BRL,5.9976
2025-02-28,MXN,18.0814
2025-03-01,ARS,1503.7671
2025-03-01,UYU,42.8761
2025-03-01,BRL,6.0274
2025-03-01,MXN,17.9731
2025-03-02,ARS,1494.4271
2025-03-02,UYU,42.9528
2025-03-02,BRL,6.0208
2025-03-02,MXN,17.9829
2025-03-03,ARS,1494.152
2025-03-03,UYU,43.2129
2025-03-03,BRL,6.0075
2025-03-03,MXN,17.9774
2025-03-04,ARS,1503.4093
2025-03-04,UYU,43.1261
2025-03-04,BRL,5.9985
2025-03-04,MXN,17.9222
2025-03-05,ARS,1502.6277
2025-03-05,UYU,42.9291
2025-03-05,BRL,6.014
2025-03-05,MXN,18.0486
2025-03-06,ARS,1493.1809
2025-03-06,UYU,43.0987
2025-03-06,BRL,5.9742
2025-03-06,MXN,17.9219
2025-03-07,ARS,1492.5916
2025-03-07,UYU,43.1054
2025-03-07,BRL,6.0061
2025-03-07,MXN,17.9217
2025-03-08,ARS,1500.6283
2025-03-08,UYU,42.8874
2025-03-08,BRL,6.0024
2025-03-08,MXN,17.9972
2025-03-09,ARS,1496.7011
2025-03-09,UYU,42.7954
2025-03-09,BRL,6.0083
2025-03-09,MXN,18.0629
2025-03-10,ARS,1494.1769
2025-03-10,UYU,42.9035
2025-03-10,BRL,5.9783
2025-03-10,MXN,18.0285
2025-03-11,ARS,1495.336
2025-03-11,UYU,43.0582
2025-03-11,BRL,5.9863
2025-03-11,MXN,18.0499
2025-03-12,ARS,1499.7202
2025-03-12,UYU,42.848
2025-03-12,BRL,6.0139
2025-03-12,MXN,18.0313
2025-03-13,ARS,1502.5228
2025-03-13,UYU,42.879
2025-03-13,BRL,6.0254
2025-03-13,MXN,17.9678
2025-03-14,ARS,1506.9702
2025-03-14,UYU,42.8368
2025-03-14,BRL,5.9848
2025-03-14,MXN,18.0025
2025-03-15,ARS,1497.4362
2025-03-15,UYU,42.9261
2025-03-15,BRL,6.0103
2025-03-15,MXN,18.0533
2025-03-16,ARS,1506.0586
2025-03-16,UYU,42.8722
2025-03-16,BRL,5.9973
2025-03-16,MXN,18.0788
2025-03-17,ARS,1495.1837
2025-03-17,UYU,43.1034
2025-03-17,BRL,6.015
2025-03-17,MXN,17.9704
2025-03-18,ARS,1505.3711
2025-03-18,UYU,43.2045
2025-03-18,BRL,5.9845
2025-03-18,MXN,18.0266
2025-03-19,ARS,1499.1024
2025-03-19,UYU,43.176
2025-03-19,BRL,6.0066
2025-03-19,MXN,18.0046
2025-03-20,ARS,1493.6513
2025-03-20,UYU,43.1674
2025-03-20,BRL,6.0216
2025-03-20,MXN,18.0011
2025-03-21,ARS,1504.7077
2025-03-21,UYU,43.1457
2025-03-21,BRL,5.9702
2025-03-21,MXN,17.9817
2025-03-22,ARS,1498.3401
2025-03-22,UYU,43.0618
2025-03-22,BRL,5.9895
2025-03-22,MXN,17.9149
2025-03-23,ARS,1502.4849
2025-03-23,UYU,42.915
2025-03-23,BRL,5.98
2025-03-23,MXN,17.9937
2025-03-24,ARS,1506.8314
2025-03-24,UYU,43.1625
2025-03-24,BRL,6.0085
2025-03-24,MXN,17.9998
2025-03-25,ARS,1506.7093
2025-03-25,UYU,43.1811
2025-03-25,BRL,6.0131
2025-03-25,MXN,17.9696
2025-03-26,ARS,1494.6947
2025-03-26,UYU,43.1697
2025-03-26,BRL,6.0254
2025-03-26,MXN,18.0229
2025-03-27,ARS,1493.3447
2025-03-27,UYU,43.0184
2025-03-27,BRL,6.0207
2025-03-27,MXN,18.029
2025-03-28,ARS,1497.0254
2025-03-28,UYU,42.794
2025-03-28,BRL,6.012
2025-03-28,MXN,18.0226
2025-03-29,ARS,1500.7826
2025-03-29,UYU,42.8932
2025-03-29,BRL,6.0254
2025-03-29,MXN,17.9198
2025-03-30,ARS,1501.3071
2025-03-30,UYU,42.9573
2025-03-30,BRL,6.0082
2025-03-30,MXN,17.913
2025-03-31,ARS,1494.1336
2025-03-31,UYU,42.8501
2025-03-31,BRL,5.9825
2025-03-31,MXN,18.0744
2025-04-01,ARS,1496.2775
2025-04-01,UYU,42.7942
2025-04-01,BRL,6.0151
2025-04-01,MXN,17.9518
2025-04-02,ARS,1493.6867
2025-04-02,UYU,43.0097
2025-04-02,BRL,5.9775
2025-04-02,MXN,17.9686
2025-04-03,ARS,1499.0284
2025-04-03,UYU,43.0618
2025-04-03,BRL,6.0217
2025-04-03,MXN,18.0804
2025-04-04,ARS,1498.3078
2025-04-04,UYU,42.8203
2025-04-04,BRL,5.9744
2025-04-04,MXN,17.9403
2025-04-05,ARS,1494.2954
2025-04-05,UYU,42.9643
2025-04-05,BRL,6.0101
2025-04-05,MXN,18.0412
2025-04-06,ARS,1504.8889
2025-04-06,UYU,42.8671
2025-04-06,BRL,6.0249
2025-04-06,MXN,17.9769
2025-04-07,ARS,1507.2674
2025-04-07,UYU,42.9333
2025-04-07,BRL,6.0115
2025-04-07,MXN,17.9605
2025-04-08,ARS,1498.9753
2025-04-08,UYU,42.8339
2025-04-08,BRL,6.0048
2025-04-08,MXN,17.9678
2025-04-09,ARS,1501.3807
2025-04-09,UYU,43.0862
2025-04-09,BRL,5.9878
2025-04-09,MXN,18.0356
2025-04-10,ARS,1502.583
2025-04-10,UYU,43.1472
2025-04-10,BRL,6.0019
2025-04-10,MXN,17.9256
2025-04-11,ARS,1492.8846
2025-04-11,UYU,42.996
2025-04-11,BRL,6.0266
2025-04-11,MXN,18.0279
2025-04-12,ARS,1504.5719
2025-04-12,UYU,42.8293
2025-04-12,BRL,6.0166
2025-04-12,MXN,18.0482
2025-04-13,ARS,1501.045
2025-04-13,UYU,43.1594
2025-04-13,BRL,6.0069
2025-04-13,MXN,18.0799
2025-04-14,ARS,1496.5705
2025-04-14,UYU,42.8476
2025-04-14,BRL,6.0162
2025-04-14,MXN,17.9125
2025-04-15,ARS,1500.522
2025-04-15,UYU,43.0126
2025-04-15,BRL,6.0054
2025-04-15,MXN,18.087
2025-04-16,ARS,1497.4308
2025-04-16,UYU,43.0067
2025-04-16,BRL,6.0042
2025-04-16,MXN,17.9712
2025-04-17,ARS,1493.8247
2025-04-17,UYU,42.8753
2025-04-17,BRL,6.0073
2025-04-17,MXN,18.0622
2025-04-18,ARS,1501.2125
2025-04-18,UYU,42.8341
2025-04-18,BRL,5.9918
2025-04-18,MXN,18.0267
2025-04-19,ARS,1500.5111
2025-04-19,UYU,42.9447
2025-04-19,BRL,5.9823
2025-04-19,MXN,17.9282
2025-04-20,ARS,1505.5045
2025-04-20,UYU,42.8022
2025-04-20,BRL,5.9926
2025-04-20,MXN,17.924
2025-04-21,ARS,1493.7777
2025-04-21,UYU,43.0992
2025-04-21,BRL,6.0278
2025-04-21,MXN,17.9426
2025-04-22,ARS,1499.5726
2025-04-22,UYU,42.9669
2025-04-22,BRL,6.0287
2025-04-22,MXN,17.9434
2025-04-23,ARS,1497.1403
2025-04-23,UYU,43.182
2025-04-23,BRL,5.9964
2025-04-23,MXN,18.0724
2025-04-24,ARS,1496.6523
2025-04-24,UYU,42.8414
2025-04-24,BRL,6.0245
2025-04-24,MXN,17.9665
2025-04-25,ARS,1501.9084
2025-04-25,UYU,42.8373
2025-04-25,BRL,6.0179
2025-04-25,MXN,17.9443
2025-04-26,ARS,1505.0288
2025-04-26,UYU,42.9957
2025-04-26,BRL,6.0016
2025-04-26,MXN,17.9755
2025-04-27,ARS,1506.8525
2025-04-27,UYU,42.824
2025-04-27,BRL,6.0207
2025-04-27,MXN,17.9906
2025-04-28,ARS,1502.3528
2025-04-28,UYU,42.9703
2025-04-28,BRL,6.0193
2025-04-28,MXN,18.0127
2025-04-29,ARS,1499.0247
2025-04-29,UYU,42.8068
2025-04-29,BRL,5.9939
2025-04-29,MXN,18.008
2025-04-30,ARS,1501.9541
2025-04-30,UYU,42.8608
2025-04-30,BRL,5.9866
2025-04-30,MXN,17.9129
2025-05-01,ARS,1496.6573
2025-05-01,UYU,42.8652
2025-05-01,BRL,6.0261
2025-05-01,MXN,17.9993
2025-05-02,ARS,1499.3668
2025-05-02,UYU,42.8012
2025-05-02,BRL,6.0044
2025-05-02,MXN,18.0796
2025-05-03,ARS,1493.6397
2025-05-03,UYU,42.9359
2025-05-03,BRL,6.0127
2025-05-03,MXN,18.0094
2025-05-04,ARS,1501.662
2025-05-04,UYU,42.9997
2025-05-04,BRL,5.9851
2025-05-04,MXN,17.9309
2025-05-05,ARS,1499.8568
2025-05-05,UYU,42.8252
2025-05-05,BRL,6.0263
2025-05-05,MXN,18.0577
2025-05-06,ARS,1495.6335
2025-05-06,UYU,42.872
2025-05-06,BRL,5.9918
2025-05-06,MXN,17.9895
2025-05-07,ARS,1492.9531
2025-05-07,UYU,42.9417
2025-05-07,BRL,5.9934
2025-05-07,MXN,17.9454
2025-05-08,ARS,1500.3764
2025-05-08,UYU,42.8849
2025-05-08,BRL,6.0036
2025-05-08,MXN,17.9212
2025-05-09,ARS,1501.2438
2025-05-09,UYU,42.9304
2025-05-09,BRL,6.0118
2025-05-09,MXN,17.9534
2025-05-10,ARS,1507.1648
2025-05-10,UYU,43.0884
2025-05-10,BRL,6.0249
2025-05-10,MXN,17.9111
2025-05-11,ARS,1503.1483
2025-05-11,UYU,42.973
2025-05-11,BRL,5.9946
2025-05-11,MXN,18.0771
2025-05-12,ARS,1493.3027
2025-05-12,UYU,42.7855
2025-05-12,BRL,5.9935
2025-05-12,MXN,17.9654
2025-05-13,ARS,1501.5902
2025-05-13,UYU,43.0209
2025-05-13,BRL,6.0158
2025-05-13,MXN,17.9402
2025-05-14,ARS,1502.9901
2025-05-14,UYU,42.7959
2025-05-14,BRL,5.9934
2025-05-14,MXN,17.9419
2025-05-15,ARS,1498.0702
2025-05-15,UYU,43.1119
2025-05-15,BRL,6.0035
2025-05-15,MXN,18.0486
2025-05-16,ARS,1503.0771
2025-05-16,UYU,42.798
2025-05-16,BRL,5.9933
2025-05-16,MXN,18.0762
2025-05-17,ARS,1495.2745
2025-05-17,UYU,43.1274
2025-05-17,BRL,6.0168
2025-05-17,MXN,17.9789
2025-05-18,ARS,1495.9564
2025-05-18,UYU,42.9264
2025-05-18,BRL,6.016
2025-05-18,MXN,17.9738
2025-05-19,ARS,1495.6919
2025-05-19,UYU,43.1507
2025-05-19,BRL,5.9831
2025-05-19,MXN,17.9146
2025-05-20,ARS,1498.5068
2025-05-20,UYU,42.8614
2025-05-20,BRL,5.9767
2025-05-20,MXN,18.0577
2025-05-21,ARS,1495.1673
2025-05-21,UYU,43.1391
2025-05-21,BRL,5.9971
2025-05-21,MXN,17.9604
2025-05-22,ARS,1507.2343
2025-05-22,UYU,43.0833
2025-05-22,BRL,6.0169
2025-05-22,MXN,17.951
2025-05-23,ARS,1504.5646
2025-05-23,UYU,42.9756
2025-05-23,BRL,5.9733
2025-05-23,MXN,18.043
2025-05-24,ARS,1493.7506
2025-05-24,UYU,42.8857
2025-05-24,BRL,6.021
2025-05-24,MXN,18.0675
2025-05-25,ARS,1502.7298
2025-05-25,UYU,42.992
2025-05-25,BRL,5.9728
2025-05-25,MXN,17.9655
2025-05-26,ARS,1499.2716
2025-05-26,UYU,43.115
2025-05-26,BRL,5.9786
2025-05-26,MXN,18.0728
2025-05-27,ARS,1499.641
2025-05-27,UYU,43.0925
2025-05-27,BRL,5.9943
2025-05-27,MXN,18.0437
2025-05-28,ARS,1501.2511
2025-05-28,UYU,42.9513
2025-05-28,BRL,6.0058
2025-05-28,MXN,18.0145
2025-05-29,ARS,1495.9203
2025-05-29,UYU,42.9071
2025-05-29,BRL,5.9709
2025-05-29,MXN,17.9398
2025-05-30,ARS,1495.2715
2025-05-30,UYU,43.1271
2025-05-30,BRL,6.0109
2025-05-30,MXN,18.0078
2025-05-31,ARS,1500.6956
2025-05-31,UYU,42.946
2025-05-31,BRL,5.9807
2025-05-31,MXN,18.028
2025-06-01,ARS,1502.2378
2025-06-01,UYU,42.9635
2025-06-01,BRL,5.9856
2025-06-01,MXN,17.9635
2025-06-02,ARS,1494.9063
2025-06-02,UYU,43.1415
2025-06-02,BRL,5.9887
2025-06-02,MXN,18.0035
2025-06-03,ARS,1495.6683
2025-06-03,UYU,43.1536
2025-06-03,BRL,5.9766
2025-06-03,MXN,17.9352
2025-06-04,ARS,1504.7722
2025-06-04,UYU,43.158
2025-06-04,BRL,5.977
2025-06-04,MXN,18.0676
2025-06-05,ARS,1500.7266
2025-06-05,UYU,43.2143
2025-06-05,BRL,6.0251
2025-06-05,MXN,17.9482
2025-06-06,ARS,1505.1061
2025-06-06,UYU,42.8101
2025-06-06,BRL,6.0257
2025-06-06,MXN,17.9307
2025-06-07,ARS,1500.7508
2025-06-07,UYU,43.0677
2025-06-07,BRL,6.0255
2025-06-07,MXN,17.9175
2025-06-08,ARS,1494.451
2025-06-08,UYU,42.8793
2025-06-08,BRL,5.9986
2025-06-08,MXN,18.0894
2025-06-09,ARS,1494.7392
2025-06-09,UYU,43.0162
2025-06-09,BRL,5.978
2025-06-09,MXN,17.9606
2025-06-10,ARS,1500.2803
2025-06-10,UYU,43.1643
2025-06-10,BRL,6.0158
2025-06-10,MXN,17.9578
2025-06-11,ARS,1499.9451
2025-06-11,UYU,42.832
2025-06-11,BRL,6.0059
2025-06-11,MXN,17.9588
2025-06-12,ARS,1505.4763
2025-06-12,UYU,42.8313
2025-06-12,BRL,5.9749
2025-06-12,MXN,17.9787
2025-06-13,ARS,1494.8033
2025-06-13,UYU,43.0246
2025-06-13,BRL,5.9743
2025-06-13,MXN,17.9595
2025-06-14,ARS,1495.0929
2025-06-14,UYU,43.1615
2025-06-14,BRL,5.9851
2025-06-14,MXN,18.0019
2025-06-15,ARS,1501.5885
2025-06-15,UYU,42.9553
2025-06-15,BRL,5.9729
2025-06-15,MXN,18.0738
2025-06-16,ARS,1496.345
2025-06-16,UYU,42.9965
2025-06-16,BRL,6.0252
2025-06-16,MXN,17.9127
2025-06-17,ARS,1503.6629
2025-06-17,UYU,42.9731
2025-06-17,BRL,6.0248
2025-06-17,MXN,18.0165
2025-06-18,ARS,1496.9661
2025-06-18,UYU,42.8237
2025-06-18,BRL,6.0053
2025-06-18,MXN,17.9984
2025-06-19,ARS,1501.0256
2025-06-19,UYU,42.7974
2025-06-19,BRL,5.9814
2025-06-19,MXN,18.0231
2025-06-20,ARS,1506.8495
2025-06-20,UYU,43.1282
2025-06-20,BRL,5.9882
2025-06-20,MXN,18.0197
2025-06-21,ARS,1493.2975
2025-06-21,UYU,43.0047
2025-06-21,BRL,5.9753
2025-06-21,MXN,17.9993
2025-06-22,ARS,1498.5742
2025-06-22,UYU,42.911
2025-06-22,BRL,6.015
2025-06-22,MXN,17.9415
2025-06-23,ARS,1505.1903
2025-06-23,UYU,42.8216
2025-06-23,BRL,5.9707
2025-06-23,MXN,17.9467
2025-06-24,ARS,1500.1778
2025-06-24,UYU,42.8257
2025-06-24,BRL,6.0062
2025-06-24,MXN,17.9345
2025-06-25,ARS,1506.3931
2025-06-25,UYU,42.9607
2025-06-25,BRL,5.9772
2025-06-25,MXN,17.991
2025-06-26,ARS,1502.5653
2025-06-26,UYU,42.9753
2025-06-26,BRL,5.9885
2025-06-26,MXN,17.9243
2025-06-27,ARS,1503.6594
2025-06-27,UYU,43.1696
2025-06-27,BRL,5.9881
2025-06-27,MXN,18.0177
2025-06-28,ARS,1499.1851
2025-06-28,UYU,42.9143
2025-06-28,BRL,6.0198
2025-06-28,MXN,18.0578
2025-06-29,ARS,1494.7811
2025-06-29,UYU,42.8842
2025-06-29,BRL,5.9793
2025-06-29,MXN,17.9762
2025-06-30,ARS,1494.3844
2025-06-30,UYU,43.1868
2025-06-30,BRL,5.9824
2025-06-30,MXN,18.0289
2025-07-01,ARS,1506.2601
2025-07-01,UYU,43.1849
2025-07-01,BRL,6.0031
2025-07-01,MXN,18.0754
2025-07-02,ARS,1506.7285
2025-07-02,UYU,43.132
2025-07-02,BRL,5.9701
2025-07-02,MXN,17.9357
2025-07-03,ARS,1502.0029
2025-07-03,UYU,42.9606
2025-07-03,BRL,6.0209
2025-07-03,MXN,18.0647
2025-07-04,ARS,1506.4912
2025-07-04,UYU,43.0049
2025-07-04,BRL,6.018
2025-07-04,MXN,17.9947
2025-07-05,ARS,1503.8282
2025-07-05,UYU,42.8632
2025-07-05,BRL,5.9885
2025-07-05,MXN,18.0827
2025-07-06,ARS,1500.8969
2025-07-06,UYU,43.076
2025-07-06,BRL,5.9826
2025-07-06,MXN,18.0812
2025-07-07,ARS,1494.9237
2025-07-07,UYU,43.1454
2025-07-07,BRL,5.9852
2025-07-07,MXN,18.0274
2025-07-08,ARS,1505.6862
2025-07-08,UYU,43.2014
2025-07-08,BRL,5.9751
2025-07-08,MXN,18.0083
2025-07-09,ARS,1504.2455
2025-07-09,UYU,43.1311
2025-07-09,BRL,5.9916
2025-07-09,MXN,17.9726
2025-07-10,ARS,1505.1901
2025-07-10,UYU,42.9406
2025-07-10,BRL,6.0134
2025-07-10,MXN,18.0307
2025-07-11,ARS,1502.8825
2025-07-11,UYU,43.209
2025-07-11,BRL,5.9764
2025-07-11,MXN,17.9585
2025-07-12,ARS,1494.4332
2025-07-12,UYU,43.0879
2025-07-12,BRL,6.0129
2025-07-12,MXN,17.9998
2025-07-13,ARS,1504.6838
2025-07-13,UYU,42.816
2025-07-13,BRL,5.9821
2025-07-13,MXN,18.0312
2025-07-14,ARS,1503.7923
2025-07-14,UYU,43.1082
2025-07-14,BRL,5.9717
2025-07-14,MXN,18.0604
2025-07-15,ARS,1504.793
2025-07-15,UYU,43.1937
2025-07-15,BRL,5.9988
2025-07-15,MXN,17.9348
2025-07-16,ARS,1499.6792
2025-07-16,UYU,42.9318
2025-07-16,BRL,5.9735
2025-07-16,MXN,18.0159
2025-07-17,ARS,1497.7253
2025-07-17,UYU,42.9353
2025-07-17,BRL,6.0134
2025-07-17,MXN,17.9343
2025-07-18,ARS,1502.5272
2025-07-18,UYU,42.9962
2025-07-18,BRL,5.974
2025-07-18,MXN,18.0472
2025-07-19,ARS,1493.3066
2025-07-19,UYU,43.011
2025-07-19,BRL,6.0031
2025-07-19,MXN,18.0238
2025-07-20,ARS,1505.9318
2025-07-20,UYU,42.96
2025-07-20,BRL,6.0004
2025-07-20,MXN,18.0813
2025-07-21,ARS,1506.8907
2025-07-21,UYU,43.0689
2025-07-21,BRL,5.9773
2025-07-21,MXN,18.0543
2025-07-22,ARS,1496.733
2025-07-22,UYU,43.0382
2025-07-22,BRL,6.0022
2025-07-22,MXN,18.0516
2025-07-23,ARS,1499.006
2025-07-23,UYU,42.886
2025-07-23,BRL,5.9814
2025-07-23,MXN,18.0827
2025-07-24,ARS,1502.725
2025-07-24,UYU,43.1992
2025-07-24,BRL,5.9703
2025-07-24,MXN,17.9764
2025-07-25,ARS,1498.2266
2025-07-25,UYU,43.1699
2025-07-25,BRL,5.9774
2025-07-25,MXN,17.9498
2025-07-26,ARS,1497.6618
2025-07-26,UYU,43.0552
2025-07-26,BRL,6.0174
2025-07-26,MXN,17.9794
2025-07-27,ARS,1498.103
2025-07-27,UYU,43.1086
2025-07-27,BRL,6.013
2025-07-27,MXN,17.9954
2025-07-28,ARS,1502.7633
2025-07-28,UYU,43.1129
2025-07-28,BRL,6.0268
2025-07-28,MXN,18.0419
2025-07-29,ARS,1500.7572
2025-07-29,UYU,43.103
2025-07-29,BRL,6.0244
2025-07-29,MXN,17.9988
2025-07-30,ARS,1497.6274
2025-07-30,UYU,42.8668
2025-07-30,BRL,5.9928
2025-07-30,MXN,17.9878
2025-07-31,ARS,1496.4544
2025-07-31,UYU,43.047
2025-07-31,BRL,5.9733
2025-07-31,MXN,18.0125
2025-08-01,ARS,1502.7613
2025-08-01,UYU,42.9678
2025-08-01,BRL,6.0299
2025-08-01,MXN,17.9838
2025-08-02,ARS,1501.2291
2025-08-02,UYU,43.0534
2025-08-02,BRL,5.9717
2025-08-02,MXN,17.9873
2025-08-03,ARS,1495.154
2025-08-03,UYU,43.0752
2025-08-03,BRL,6.0013
2025-08-03,MXN,17.978
2025-08-04,ARS,1501.8055
2025-08-04,UYU,43.1562
2025-08-04,BRL,5.9885
2025-08-04,MXN,17.9724
2025-08-05,ARS,1503.4922
2025-08-05,UYU,42.8368
2025-08-05,BRL,5.9951
2025-08-05,MXN,18.0235
2025-08-06,ARS,1496.9815
2025-08-06,UYU,42.9897
2025-08-06,BRL,5.9948
2025-08-06,MXN,17.9145
2025-08-07,ARS,1503.1303
2025-08-07,UYU,43.0251
2025-08-07,BRL,6.0255
2025-08-07,MXN,18.0257
2025-08-08,ARS,1494.0364
2025-08-08,UYU,42.9861
2025-08-08,BRL,5.975
2025-08-08,MXN,17.9588
2025-08-09,ARS,1504.357
2025-08-09,UYU,43.1158
2025-08-09,BRL,5.9889
2025-08-09,MXN,17.9891
2025-08-10,ARS,1505.7769
2025-08-10,UYU,43.1602
2025-08-10,BRL,5.9706
2025-08-10,MXN,17.966
2025-08-11,ARS,1492.7258
2025-08-11,UYU,43.1314
2025-08-11,BRL,6.015
2025-08-11,MXN,17.9757
2025-08-12,ARS,1500.0289
2025-08-12,UYU,42.8993
2025-08-12,BRL,5.9949
2025-08-12,MXN,17.9132
2025-08-13,ARS,1501.3419
2025-08-13,UYU,42.9408
2025-08-13,BRL,6.0226
2025-08-13,MXN,17.9262
2025-08-14,ARS,1505.8817
2025-08-14,UYU,43.1899
2025-08-14,BRL,6.0199
2025-08-14,MXN,18.0351
2025-08-15,ARS,1505.8802
2025-08-15,UYU,43.139
2025-08-15,BRL,6.0257
2025-08-15,MXN,17.9142
2025-08-16,ARS,1502.3007
2025-08-16,UYU,42.7999
2025-08-16,BRL,5.9791
2025-08-16,MXN,17.9205
2025-08-17,ARS,1507.2035
2025-08-17,UYU,43.1734
2025-08-17,BRL,5.992
2025-08-17,MXN,18.0175
2025-08-18,ARS,1495.9935
2025-08-18,UYU,42.827
2025-08-18,BRL,5.9905
2025-08-18,MXN,18.0197
2025-08-19,ARS,1497.2375
2025-08-19,UYU,43.134
2025-08-19,BRL,6.0079
2025-08-19,MXN,17.9209
2025-08-20,ARS,1505.57
2025-08-20,UYU,43.1355
2025-08-20,BRL,6.0279
2025-08-20,MXN,18.0512
2025-08-21,ARS,1500.2316
2025-08-21,UYU,43.039
2025-08-21,BRL,5.9968
2025-08-21,MXN,18.0756
2025-08-22,ARS,1496.6651
2025-08-22,UYU,42.8493
2025-08-22,BRL,5.9863
2025-08-22,MXN,18.0624
2025-08-23,ARS,1505.426
2025-08-23,UYU,43.0803
2025-08-23,BRL,6.0065
2025-08-23,MXN,17.9302
2025-08-24,ARS,1503.5937
2025-08-24,UYU,43.0579
2025-08-24,BRL,5.9877
2025-08-24,MXN,18.0048
2025-08-25,ARS,1506.8018
2025-08-25,UYU,42.972
2025-08-25,BRL,6.0019
2025-08-25,MXN,18.0607
2025-08-26,ARS,1505.6506
2025-08-26,UYU,43.2094
2025-08-26,BRL,6.0064
2025-08-26,MXN,17.9607
2025-08-27,ARS,1498.1547
2025-08-27,UYU,43.0473
2025-08-27,BRL,6.0298
2025-08-27,MXN,18.0423
2025-08-28,ARS,1498.3277
2025-08-28,UYU,43.0648
2025-08-28,BRL,6.0255
2025-08-28,MXN,18.0822
2025-08-29,ARS,1501.8513
2025-08-29,UYU,42.8403
2025-08-29,BRL,6.0224
2025-08-29,MXN,17.9926
2025-08-30,ARS,1493.0607
2025-08-30,UYU,42.8459
2025-08-30,BRL,5.9723
2025-08-30,MXN,18.0883
2025-08-31,ARS,1497.0656
2025-08-31,UYU,43.0464
2025-08-31,BRL,6.0207
2025-08-31,MXN,18.0282
2025-09-01,ARS,1506.4497
2025-09-01,UYU,42.9201
2025-09-01,BRL,5.9898
2025-09-01,MXN,17.9807
2025-09-02,ARS,1500.0933
2025-09-02,UYU,43.026
2025-09-02,BRL,5.9969
2025-09-02,MXN,17.9311
2025-09-03,ARS,1493.4633
2025-09-03,UYU,43.1545
2025-09-03,BRL,6.0189
2025-09-03,MXN,17.9809
2025-09-04,ARS,1496.2853
2025-09-04,UYU,43.059
2025-09-04,BRL,5.9701
2025-09-04,MXN,18.0482
2025-09-05,ARS,1500.3707
2025-09-05,UYU,42.9771
2025-09-05,BRL,6.0146
2025-09-05,MXN,18.0141
2025-09-06,ARS,1496.7466
2025-09-06,UYU,42.9922
2025-09-06,BRL,6.0282
2025-09-06,MXN,17.9945
2025-09-07,ARS,1497.4268
2025-09-07,UYU,43.1476
2025-09-07,BRL,6.0208
2025-09-07,MXN,17.9912
2025-09-08,ARS,1495.4726
2025-09-08,UYU,43.0059
2025-09-08,BRL,5.9726
2025-09-08,MXN,17.9983
2025-09-09,ARS,1506.2989
2025-09-09,UYU,43.1378
2025-09-09,BRL,5.9743
2025-09-09,MXN,18.041
2025-09-10,ARS,1501.4401
2025-09-10,UYU,43.1763
2025-09-10,BRL,6.0121
2025-09-10,MXN,17.9981
2025-09-11,ARS,1499.3204
2025-09-11,UYU,42.9734
2025-09-11,BRL,6.0025
2025-09-11,MXN,17.9687
2025-09-12,ARS,1503.3291
2025-09-12,UYU,43.1356
2025-09-12,BRL,5.9874
2025-09-12,MXN,17.9343
2025-09-13,ARS,1502.3014
2025-09-13,UYU,42.9555
2025-09-13,BRL,6.0263
2025-09-13,MXN,18.0822
2025-09-14,ARS,1495.2322
2025-09-14,UYU,43.1569
2025-09-14,BRL,6.0101
2025-09-14,MXN,17.9345
2025-09-15,ARS,1501.5195
2025-09-15,UYU,43.0291
2025-09-15,BRL,5.9752
2025-09-15,MXN,18.0208
2025-09-16,ARS,1496.2688
2025-09-16,UYU,42.853
2025-09-16,BRL,5.9845
2025-09-16,MXN,18.075
2025-09-17,ARS,1501.5807
2025-09-17,UYU,42.9509
2025-09-17,BRL,5.9833
2025-09-17,MXN,17.9894
2025-09-18,ARS,1505.6642
2025-09-18,UYU,43.0983
2025-09-18,BRL,5.9701
2025-09-18,MXN,18.0156
2025-09-19,ARS,1501.9242
2025-09-19,UYU,43.0782
2025-09-19,BRL,6.0133
2025-09-19,MXN,18.0456
2025-09-20,ARS,1506.3316
2025-09-20,UYU,42.9346
2025-09-20,BRL,5.9955
2025-09-20,MXN,17.9598
2025-09-21,ARS,1503.1901
2025-09-21,UYU,42.801
2025-09-21,BRL,6.0207
2025-09-21,MXN,18.0393
2025-09-22,ARS,1495.1351
2025-09-22,UYU,42.9209
2025-09-22,BRL,5.9925
2025-09-22,MXN,17.9145
2025-09-23,ARS,1493.8233
2025-09-23,UYU,42.7985
2025-09-23,BRL,5.9722
2025-09-23,MXN,17.912
2025-09-24,ARS,1504.5002
2025-09-24,UYU,43.0269
2025-09-24,BRL,6.0135
2025-09-24,MXN,18.0013
2025-09-25,ARS,1502.148
2025-09-25,UYU,43.149
2025-09-25,BRL,6.0271
2025-09-25,MXN,17.937
2025-09-26,ARS,1495.4483
2025-09-26,UYU,43.2066
2025-09-26,BRL,5.9936
2025-09-26,MXN,18.0016
2025-09-27,ARS,1496.5666
2025-09-27,UYU,42.7867
2025-09-27,BRL,5.9933
2025-09-27,MXN,17.9121
2025-09-28,ARS,1492.6079
2025-09-28,UYU,42.938
2025-09-28,BRL,6.0078
2025-09-28,MXN,17.9865
2025-09-29,ARS,1495.8388
2025-09-29,UYU,43.0956
2025-09-29,BRL,6.0046
2025-09-29,MXN,17.9667
2025-09-30,ARS,1497.5245
2025-09-30,UYU,43.0299
2025-09-30,BRL,6.0143
2025-09-30,MXN,17.9485
2025-10-01,ARS,1502.3682
2025-10-01,UYU,42.8617
2025-10-01,BRL,6.0133
2025-10-01,MXN,17.987
2025-10-02,ARS,1500.7062
2025-10-02,UYU,42.9645
2025-10-02,BRL,6.0092
2025-10-02,MXN,17.9328
2025-10-03,ARS,1492.724
2025-10-03,UYU,42.9614
2025-10-03,BRL,6.006
2025-10-03,MXN,18.0757
2025-10-04,ARS,1495.165
2025-10-04,UYU,43.0372
2025-10-04,BRL,5.9726
2025-10-04,MXN,18.0362
2025-10-05,ARS,1495.9438
2025-10-05,UYU,42.8508
2025-10-05,BRL,5.9765
2025-10-05,MXN,17.9944
2025-10-06,ARS,1498.1219
2025-10-06,UYU,43.2069
2025-10-06,BRL,5.9868
2025-10-06,MXN,18.0235
2025-10-07,ARS,1498.2826
2025-10-07,UYU,42.7867
2025-10-07,BRL,5.9728
2025-10-07,MXN,17.9161
2025-10-08,ARS,1501.9364
2025-10-08,UYU,43.0472
2025-10-08,BRL,6.0139
2025-10-08,MXN,17.9305
2025-10-09,ARS,1496.3084
2025-10-09,UYU,42.9696
2025-10-09,BRL,6.0118
2025-10-09,MXN,18.0555
2025-10-10,ARS,1505.6654
2025-10-10,UYU,43.0166
2025-10-10,BRL,5.99
2025-10-10,MXN,18.0459
2025-10-11,ARS,1492.6424
2025-10-11,UYU,42.8952
2025-10-11,BRL,6.0147
2025-10-11,MXN,17.9365
2025-10-12,ARS,1500.658
2025-10-12,UYU,43.1296
2025-10-12,BRL,6.0249
2025-10-12,MXN,17.929
2025-10-13,ARS,1507.0424
2025-10-13,UYU,42.8708
2025-10-13,BRL,5.9921
2025-10-13,MXN,17.9178
2025-10-14,ARS,1502.2571
2025-10-14,UYU,43.1613
2025-10-14,BRL,6.0177
2025-10-14,MXN,17.9236
2025-10-15,ARS,1496.376
2025-10-15,UYU,43.0105
2025-10-15,BRL,6.0071
2025-10-15,MXN,18.0107
2025-10-16,ARS,1504.5292
2025-10-16,UYU,42.8383
2025-10-16,BRL,6.0275
2025-10-16,MXN,17.9627
2025-10-17,ARS,1506.7137
2025-10-17,UYU,43.0988
2025-10-17,BRL,5.9932
2025-10-17,MXN,18.0073
2025-10-18,ARS,1507.1964
2025-10-18,UYU,43.1628
2025-10-18,BRL,6.0177
2025-10-18,MXN,18.0351
2025-10-19,ARS,1500.685
2025-10-19,UYU,43.0903
2025-10-19,BRL,5.9737
2025-10-19,MXN,18.0071
2025-10-20,ARS,1496.3445
2025-10-20,UYU,43.1116
2025-10-20,BRL,6.0257
2025-10-20,MXN,18.0499
2025-10-21,ARS,1504.501
2025-10-21,UYU,42.8616
2025-10-21,BRL,6.0058
2025-10-21,MXN,17.9172
2025-10-22,ARS,1495.759
2025-10-22,UYU,43.0346
2025-10-22,BRL,6.0093
2025-10-22,MXN,17.9125
2025-10-23,ARS,1497.4237
2025-10-23,UYU,42.9956
2025-10-23,BRL,6.0179
2025-10-23,MXN,18.0079
2025-10-24,ARS,1503.7445
2025-10-24,UYU,42.9228
2025-10-24,BRL,5.9767
2025-10-24,MXN,17.9449
2025-10-25,ARS,1503.5241
2025-10-25,UYU,43.1515
2025-10-25,BRL,5.9722
2025-10-25,MXN,17.9988
2025-10-26,ARS,1497.5089
2025-10-26,UYU,43.046
2025-10-26,BRL,5.9896
2025-10-26,MXN,17.9302
2025-10-27,ARS,1506.3673
2025-10-27,UYU,42.9995
2025-10-27,BRL,6.021
2025-10-27,MXN,17.9406
2025-10-28,ARS,1502.9797
2025-10-28,UYU,43.0361
2025-10-28,BRL,5.9831
2025-10-28,MXN,17.957
2025-10-29,ARS,1494.994
2025-10-29,UYU,43.1919
2025-10-29,BRL,6.0299
2025-10-29,MXN,17.9568
2025-10-30,ARS,1500.6682
2025-10-30,UYU,42.8083
2025-10-30,BRL,5.9933
2025-10-30,MXN,17.9762
2025-10-31,ARS,1505.0109
2025-10-31,UYU,42.8864
2025-10-31,BRL,6.0131
2025-10-31,MXN,18.0417
2025-11-01,ARS,1495.0458
2025-11-01,UYU,42.974
2025-11-01,BRL,6.0171
2025-11-01,MXN,17.9619
2025-11-02,ARS,1494.7269
2025-11-02,UYU,42.956
2025-11-02,BRL,6.0034
2025-11-02,MXN,18.0699
2025-11-03,ARS,1499.8674
2025-11-03,UYU,42.8941
2025-11-03,BRL,5.9787
2025-11-03,MXN,17.9506
2025-11-04,ARS,1493.0021
2025-11-04,UYU,42.7859
2025-11-04,BRL,5.9774
2025-11-04,MXN,18.0361
2025-11-05,ARS,1498.7381
2025-11-05,UYU,43.1883
2025-11-05,BRL,5.9993
2025-11-05,MXN,17.9136
2025-11-06,ARS,1507.0787
2025-11-06,UYU,42.7944
2025-11-06,BRL,6.0246
2025-11-06,MXN,18.003
2025-11-07,ARS,1501.5641
2025-11-07,UYU,42.9162
2025-11-07,BRL,6.0185
2025-11-07,MXN,18.0355
2025-11-08,ARS,1494.7066
2025-11-08,UYU,42.8019
2025-11-08,BRL,6.0235
2025-11-08,MXN,18.0692
2025-11-09,ARS,1492.5586
2025-11-09,UYU,43.1205
2025-11-09,BRL,6.0208
2025-11-09,MXN,18.0826
2025-11-10,ARS,1501.1941
2025-11-10,UYU,43.0586
2025-11-10,BRL,5.9705
2025-11-10,MXN,18.0329
2025-11-11,ARS,1505.5216
2025-11-11,UYU,42.9926
2025-11-11,BRL,6.0111
2025-11-11,MXN,17.9481
2025-11-12,ARS,1497.3415
2025-11-12,UYU,43.137
2025-11-12,BRL,6.01
2025-11-12,MXN,17.9519
2025-11-13,ARS,1503.6336
2025-11-13,UYU,43.0119
2025-11-13,BRL,5.972
2025-11-13,MXN,17.9544
2025-11-14,ARS,1493.6543
2025-11-14,UYU,42.8835
2025-11-14,BRL,6.0056
2025-11-14,MXN,17.9826
2025-11-15,ARS,1507.1139
2025-11-15,UYU,42.9214
2025-11-15,BRL,6.0183
2025-11-15,MXN,18.0155
2025-11-16,ARS,1503.4297
2025-11-16,UYU,43.1696
2025-11-16,BRL,6.0172
2025-11-16,MXN,17.9473
2025-11-17,ARS,1498.3818
2025-11-17,UYU,42.8526
2025-11-17,BRL,6.0027
2025-11-17,MXN,17.9674
2025-11-18,ARS,1500.9872
2025-11-18,UYU,43.1361
2025-11-18,BRL,6.0166
2025-11-18,MXN,18.052
2025-11-19,ARS,1503.6387
2025-11-19,UYU,43.0391
2025-11-19,BRL,5.9826
2025-11-19,MXN,17.9708
2025-11-20,ARS,1497.3043
2025-11-20,UYU,42.9551
2025-11-20,BRL,6.0164
2025-11-20,MXN,18.0484
2025-11-21,ARS,1493.305
2025-11-21,UYU,42.9176
2025-11-21,BRL,5.9777
2025-11-21,MXN,17.9303
2025-11-22,ARS,1502.8305
2025-11-22,UYU,42.8933
2025-11-22,BRL,5.9731
2025-11-22,MXN,17.9159
2025-11-23,ARS,1502.2508
2025-11-23,UYU,42.8944
2025-11-23,BRL,6.0116
2025-11-23,MXN,18.0221
2025-11-24,ARS,1503.3006
2025-11-24,UYU,43.1304
2025-11-24,BRL,6.0205
2025-11-24,MXN,17.9333
2025-11-25,ARS,1506.4192
2025-11-25,UYU,42.8093
2025-11-25,BRL,6.028
2025-11-25,MXN,18.089
2025-11-26,ARS,1495.8224
2025-11-26,UYU,43.0986
2025-11-26,BRL,6.0078
2025-11-26,MXN,17.9899
2025-11-27,ARS,1506.7663
2025-11-27,UYU,42.9238
2025-11-27,BRL,6.012
2025-11-27,MXN,18.0407
2025-11-28,ARS,1502.6911
2025-11-28,UYU,43.0494
2025-11-28,BRL,5.9808
2025-11-28,MXN,18.0268
2025-11-29,ARS,1497.7503
2025-11-29,UYU,43.0954
2025-11-29,BRL,6.0071
2025-11-29,MXN,18.0434
2025-11-30,ARS,1506.8378
2025-11-30,UYU,43.0111
2025-11-30,BRL,5.9715
2025-11-30,MXN,17.9347
2025-12-01,ARS,1497.3836
2025-12-01,UYU,43.0971
2025-12-01,BRL,5.9979
2025-12-01,MXN,17.9294
2025-12-02,ARS,1494.5074
2025-12-02,UYU,42.964
2025-12-02,BRL,6.0133
2025-12-02,MXN,17.9138
2025-12-03,ARS,1499.9074
2025-12-03,UYU,43.0459
2025-12-03,BRL,5.9814
2025-12-03,MXN,17.9761
2025-12-04,ARS,1504.2191
2025-12-04,UYU,43.2052
2025-12-04,BRL,5.9769
2025-12-04,MXN,18.061
2025-12-05,ARS,1492.7528
2025-12-05,UYU,42.8898
2025-12-05,BRL,5.9939
2025-12-05,MXN,18.0313
2025-12-06,ARS,1501.8236
2025-12-06,UYU,43.1729
2025-12-06,BRL,5.9863
2025-12-06,MXN,18.0031
2025-12-07,ARS,1499.4427
2025-12-07,UYU,43.1859
2025-12-07,BRL,5.9865
2025-12-07,MXN,18.053
2025-12-08,ARS,1493.042
2025-12-08,UYU,43.1383
2025-12-08,BRL,5.9948
2025-12-08,MXN,17.9376
2025-12-09,ARS,1500.2153
2025-12-09,UYU,42.9111
2025-12-09,BRL,6.0088
2025-12-09,MXN,18.0217
2025-12-10,ARS,1495.0973
2025-12-10,UYU,43.066
2025-12-10,BRL,5.9784
2025-12-10,MXN,17.9449
2025-12-11,ARS,1504.4365
2025-12-11,UYU,42.8702
2025-12-11,BRL,5.9883
2025-12-11,MXN,17.998
2025-12-12,ARS,1503.0177
2025-12-12,UYU,43.0673
2025-12-12,BRL,5.9934
2025-12-12,MXN,18.0433
2025-12-13,ARS,1501.0142
2025-12-13,UYU,42.8051
2025-12-13,BRL,5.9841
2025-12-13,MXN,17.9744
2025-12-14,ARS,1497.7963
2025-12-14,UYU,42.9903
2025-12-14,BRL,6.0213
2025-12-14,MXN,18.0803
2025-12-15,ARS,1494.9636
2025-12-15,UYU,42.9963
2025-12-15,BRL,5.9954
2025-12-15,MXN,18.0163
2025-12-16,ARS,1503.1947
2025-12-16,UYU,42.8274
2025-12-16,BRL,5.9757
2025-12-16,MXN,17.9655
2025-12-17,ARS,1502.0025
2025-12-17,UYU,43.0583
2025-12-17,BRL,6.0159
2025-12-17,MXN,18.024
2025-12-18,ARS,1501.8217
2025-12-18,UYU,42.8409
2025-12-18,BRL,6.0213
2025-12-18,MXN,18.0372
2025-12-19,ARS,1506.8644
2025-12-19,UYU,42.7952
2025-12-19,BRL,5.9821
2025-12-19,MXN,18.0042
2025-12-20,ARS,1501.1377
2025-12-20,UYU,43.1937
2025-12-20,BRL,6.008
2025-12-20,MXN,18.0043
2025-12-21,ARS,1496.8555
2025-12-21,UYU,43.0499
2025-12-21,BRL,5.9799
2025-12-21,MXN,17.9903
2025-12-22,ARS,1505.2877
2025-12-22,UYU,42.8368
2025-12-22,BRL,6.0273
2025-12-22,MXN,18.0103
2025-12-23,ARS,1505.6711
2025-12-23,UYU,43.1846
2025-12-23,BRL,5.9876
2025-12-23,MXN,18.0752
2025-12-24,ARS,1492.7186
2025-12-24,UYU,42.8753
2025-12-24,BRL,5.9719
2025-12-24,MXN,18.0267
2025-12-25,ARS,1507.4144
2025-12-25,UYU,42.8996
2025-12-25,BRL,5.9759
2025-12-25,MXN,17.9562
2025-12-26,ARS,1502.1133
2025-12-26,UYU,43.1948
2025-12-26,BRL,6.0012
2025-12-26,MXN,17.9398
2025-12-27,ARS,1493.1219
2025-12-27,UYU,43.1771
2025-12-27,BRL,5.9818
2025-12-27,MXN,18.0603
2025-12-28,ARS,1503.519
2025-12-28,UYU,43.0938
2025-12-28,BRL,5.9919
2025-12-28,MXN,17.9559
2025-12-29,ARS,1497.3384
2025-12-29,UYU,42.8938
2025-12-29,BRL,5.9886
2025-12-29,MXN,18.0522
2025-12-30,ARS,1493.2487
2025-12-30,UYU,43.1269
2025-12-30,BRL,5.9951
2025-12-30,MXN,17.9674
2025-12-31,ARS,1504.9174
2025-12-31,UYU,42.8328
2025-12-31,BRL,5.9778
2025-12-31,MXN,17.9246
