ID_Cliente,Fecha_Inicio,Fecha_Cancelacion,Plan,Ingreso_Mensual
1,2024-01-01,2024-10-26,Basic,10
2,2025-02-24,2025-08-28,Pro,25
3,2025-05-25,2026-05-03,Pro,25
4,2024-01-01,2024-05-19,Basic,10
5,2024-05-30,2025-07-11,Enterprise,100
6,2024-03-31,2025-04-09,Basic,10
7,2024-07-29,,Basic,10
8,2024-08-28,2024-10-03,Pro,25
9,2025-04-25,2026-07-04,Basic,10
10,2025-05-25,2026-03-17,Pro,25
11,2025-01-25,,Enterprise,100
12,2024-08-28,,Basic,10
13,2025-05-25,,Pro,25
14,2024-01-31,,Pro,25
15,2024-10-27,2025-05-03,Pro,25
16,2024-10-27,2025-07-21,Basic,10
17,2024-05-30,,Pro,25
18,2024-01-31,,Basic,10
19,2024-11-26,,Pro,25
20,2025-04-25,,Pro,25
21,2025-03-26,2025-08-25,Pro,25
22,2025-03-26,2026-06-02,Pro,25
23,2024-10-27,,Basic,10
24,2025-04-25,2026-07-18,Basic,10
25,2024-08-28,,Basic,10
26,2025-04-25,,Basic,10
27,2024-06-29,,Basic,10
28,2024-10-27,,Pro,25
29,2024-05-30,2024-08-29,Basic,10
30,2024-10-27,,Basic,10
31,2024-11-26,,Enterprise,100
32,2024-01-01,2024-02-27,Pro,25
33,2025-05-25,,Basic,10
34,2025-05-25,2026-05-03,Basic,10
35,2024-10-27,2025-06-23,Basic,10
36,2024-01-31,2024-03-22,Enterprise,100
37,2025-02-24,2026-01-04,Pro,25
38,2024-03-01,,Basic,10
39,2024-01-31,,Basic,10
40,2025-05-25,,Pro,25
41,2025-05-25,2026-06-05,Basic,10
42,2024-07-29,2025-08-24,Basic,10
43,2024-04-30,2024-07-29,Basic,10
44,2024-07-29,,Basic,10
45,2024-04-30,,Pro,25
46,2024-03-31,,Pro,25
47,2024-10-27,,Basic,10
48,2024-01-01,,Basic,10
49,2024-09-27,2025-04-10,Pro,25
50,2025-04-25,2025-10-21,Basic,10
51,2024-06-29,,Pro,25
52,2024-11-26,,Pro,25
53,2024-01-31,,Basic,10
54,2024-08-28,2024-10-05,Basic,10
55,2025-04-25,2026-02-01,Pro,25
56,2024-09-27,,Basic,10
57,2024-01-31,,Basic,10
58,2025-04-25,,Pro,25
59,2024-09-27,2026-01-26,Basic,10
60,2025-05-25,2026-07-08,Basic,10
61,2024-03-31,,Enterprise,100
62,2024-08-28,2025-06-05,Enterprise,100
63,2024-09-27,2025-03-04,Basic,10
64,2024-09-27,,Basic,10
65,2024-12-26,,Basic,10
66,2025-01-25,,Basic,10
67,2024-11-26,2025-02-03,Basic,10
68,2025-05-25,,Pro,25
69,2024-04-30,,Pro,25
70,2024-11-26,2025-09-15,Pro,25
71,2024-12-26,,Enterprise,100
72,2024-09-27,,Basic,10
73,2024-06-29,2024-11-24,Basic,10
74,2024-05-30,,Basic,10
75,2024-09-27,,Pro,25
76,2024-09-27,2025-10-29,Basic,10
77,2024-01-01,,Enterprise,100
78,2024-09-27,2025-06-21,Enterprise,100
79,2024-01-01,,Pro,25
80,2024-11-26,,Pro,25
81,2024-10-27,,Enterprise,100
82,2024-12-26,,Basic,10
83,2025-05-25,2026-01-19,Basic,10
84,2024-01-31,2025-03-26,Basic,10
85,2024-03-31,2024-10-24,Pro,25
86,2025-02-24,2025-04-24,Basic,10
87,2024-04-30,2025-07-03,Pro,25
88,2024-05-30,,Basic,10
89,2024-01-01,,Basic,10
90,2024-03-01,2024-09-28,Basic,10
91,2024-03-01,,Basic,10
92,2024-01-01,,Basic,10
93,2025-05-25,,Pro,25
94,2024-05-30,2025-04-25,Basic,10
95,2025-01-25,,Basic,10
96,2024-03-31,,Basic,10
97,2025-05-25,2025-08-18,Basic,10
98,2024-03-31,2024-06-20,Basic,10
99,2025-02-24,,Basic,10
100,2025-02-24,2026-01-27,Basic,10
101,2025-04-25,2025-09-22,Basic,10
102,2024-06-29,2024-09-25,Basic,10
103,2024-04-30,,Basic,10
104,2024-11-26,,Pro,25
105,2024-11-26,,Pro,25
106,2025-05-25,2025-07-20,Pro,25
107,2025-03-26,,Basic,10
108,2024-10-27,,Basic,10
109,2025-03-26,,Enterprise,100
110,2024-07-29,,Pro,25
111,2024-03-31,,Pro,25
112,2024-12-26,,Basic,10
113,2024-03-01,2024-11-29,Basic,10
114,2024-03-31,2024-11-18,Basic,10
115,2024-01-31,2024-03-05,Basic,10
116,2024-03-31,2025-04-01,Basic,10
117,2024-08-28,,Basic,10
118,2024-08-28,,Basic,10
119,2024-03-01,,Basic,10
120,2024-11-26,2025-03-16,Basic,10
121,2024-01-01,2024-07-10,Basic,10
122,2024-05-30,,Basic,10
123,2024-05-30,,Pro,25
124,2024-07-29,2025-06-23,Basic,10
125,2024-12-26,2025-07-02,Basic,10
126,2024-11-26,,Basic,10
127,2024-01-31,2024-05-22,Basic,10
128,2024-07-29,2024-10-09,Pro,25
129,2024-08-28,,Basic,10
130,2024-01-31,,Basic,10
131,2024-10-27,,Basic,10
132,2024-12-26,2025-11-21,Basic,10
133,2024-11-26,,Basic,10
134,2024-06-29,2025-01-04,Basic,10
135,2024-01-31,,Pro,25
136,2024-06-29,,Pro,25
137,2024-10-27,,Basic,10
138,2024-03-01,2025-06-28,Basic,10
139,2024-10-27,2025-11-13,Pro,25
140,2024-09-27,2025-04-01,Pro,25
141,2024-12-26,2025-10-15,Pro,25
142,2025-04-25,,Basic,10
143,2024-11-26,2026-02-06,Basic,10
144,2024-03-01,,Pro,25
145,2024-08-28,,Basic,10
146,2024-11-26,2025-12-14,Basic,10
147,2024-11-26,2025-06-19,Pro,25
148,2024-09-27,,Basic,10
149,2024-10-27,,Basic,10
150,2025-02-24,,Basic,10
151,2024-07-29,,Enterprise,100
152,2024-11-26,2025-08-22,Pro,25
153,2024-04-30,,Basic,10
154,2024-10-27,,Basic,10
155,2025-02-24,,Basic,10
156,2024-04-30,,Basic,10
157,2024-09-27,2025-05-26,Basic,10
158,2025-02-24,,Enterprise,100
159,2024-04-30,2025-03-03,Pro,25
160,2024-11-26,,Basic,10
161,2024-12-26,,Basic,10
162,2024-06-29,2024-08-27,Pro,25
163,2024-07-29,2025-04-30,Basic,10
164,2024-06-29,2025-06-28,Basic,10
165,2025-03-26,2026-04-01,Basic,10
166,2025-04-25,,Enterprise,100
167,2025-01-25,2025-09-09,Basic,10
168,2024-10-27,,Basic,10
169,2025-02-24,,Pro,25
170,2024-01-31,,Pro,25
171,2024-07-29,,Basic,10
172,2025-04-25,2026-06-28,Pro,25
173,2025-05-25,,Basic,10
174,2024-11-26,2025-07-16,Basic,10
175,2024-11-26,2025-09-30,Basic,10
176,2024-05-30,2024-11-23,Basic,10
177,2024-11-26,2025-03-15,Pro,25
178,2024-03-31,2025-01-08,Pro,25
179,2024-06-29,2025-05-04,Pro,25
180,2024-09-27,,Pro,25
181,2024-06-29,,Enterprise,100
182,2024-03-31,,Enterprise,100
183,2025-03-26,2026-07-16,Basic,10
184,2025-03-26,2026-06-08,Pro,25
185,2024-12-26,,Pro,25
186,2024-12-26,2026-01-10,Basic,10
187,2024-03-31,,Basic,10
188,2025-01-25,2025-03-20,Basic,10
189,2024-01-01,,Basic,10
190,2024-08-28,,Basic,10
191,2024-12-26,,Pro,25
192,2025-01-25,,Pro,25
193,2024-10-27,,Basic,10
194,2025-05-25,2025-12-14,Basic,10
195,2024-10-27,,Pro,25
196,2025-03-26,,Pro,25
197,2024-06-29,2025-03-31,Pro,25
198,2025-01-25,,Pro,25
199,2024-04-30,2024-12-14,Enterprise,100
200,2024-12-26,2025-06-20,Basic,10
201,2024-01-31,2024-08-07,Basic,10
202,2024-10-27,2026-01-06,Pro,25
203,2024-01-01,2025-03-12,Basic,10
204,2025-02-24,2026-03-12,Pro,25
205,2025-05-25,,Pro,25
206,2024-10-27,2026-01-27,Basic,10
207,2025-01-25,,Basic,10
208,2024-03-01,,Pro,25
209,2024-11-26,2025-11-16,Basic,10
210,2024-07-29,,Enterprise,100
211,2025-02-24,,Pro,25
212,2024-06-29,,Pro,25
213,2024-01-31,,Pro,25
214,2024-11-26,,Enterprise,100
215,2024-11-26,,Basic,10
216,2024-01-31,,Pro,25
217,2024-09-27,,Basic,10
218,2025-01-25,,Pro,25
219,2025-04-25,,Pro,25
220,2025-03-26,,Basic,10
221,2024-11-26,2026-03-02,Pro,25
222,2025-05-25,2025-07-23,Basic,10
223,2025-01-25,,Pro,25
224,2024-08-28,,Pro,25
225,2024-03-31,2024-09-19,Basic,10
226,2024-01-31,2025-02-08,Basic,10
227,2025-03-26,2026-04-30,Pro,25
228,2024-01-01,,Basic,10
229,2025-01-25,2025-07-28,Basic,10
230,2025-05-25,2025-11-27,Pro,25
231,2024-06-29,2025-03-23,Basic,10
232,2025-05-25,,Basic,10
233,2024-04-30,2025-06-10,Pro,25
234,2024-08-28,2025-11-10,Basic,10
235,2024-03-01,,Basic,10
236,2024-04-30,2025-02-19,Pro,25
237,2024-11-26,2025-05-30,Pro,25
238,2024-05-30,2025-04-10,Basic,10
239,2024-10-27,,Basic,10
240,2024-03-01,,Basic,10
241,2024-12-26,,Pro,25
242,2024-01-31,,Basic,10
243,2024-10-27,,Pro,25
244,2025-05-25,2026-08-08,Basic,10
245,2025-05-25,2026-04-14,Enterprise,100
246,2024-03-01,2024-06-23,Basic,10
247,2025-05-25,2025-08-05,Basic,10
248,2025-02-24,,Basic,10
249,2024-11-26,,Basic,10
250,2024-06-29,,Pro,25
251,2024-05-30,,Basic,10
252,2024-10-27,,Basic,10
253,2025-05-25,,Basic,10
254,2024-04-30,2025-01-10,Enterprise,100
255,2024-12-26,,Basic,10
256,2025-01-25,2026-05-21,Basic,10
257,2024-03-01,,Basic,10
258,2024-09-27,2025-04-24,Enterprise,100
259,2024-07-29,,Enterprise,100
260,2024-11-26,,Basic,10
261,2024-06-29,,Basic,10
262,2024-10-27,2025-07-03,Basic,10
263,2024-01-31,2024-04-19,Pro,25
264,2024-11-26,,Basic,10
265,2024-01-01,,Pro,25
266,2024-01-31,,Pro,25
267,2024-05-30,,Pro,25
268,2025-03-26,2025-05-11,Pro,25
269,2024-01-31,,Basic,10
270,2024-05-30,,Basic,10
271,2025-03-26,,Basic,10
272,2024-09-27,,Pro,25
273,2025-03-26,,Pro,25
274,2024-03-01,2024-05-05,Basic,10
275,2025-05-25,,Pro,25
276,2025-04-25,,Pro,25
277,2024-06-29,2025-08-11,Pro,25
278,2025-05-25,,Enterprise,100
279,2025-04-25,2026-07-21,Enterprise,100
280,2024-08-28,2025-03-20,Pro,25
281,2025-05-25,2026-04-01,Enterprise,100
282,2025-03-26,,Basic,10
283,2024-05-30,2025-07-23,Basic,10
284,2024-06-29,,Enterprise,100
285,2024-08-28,,Basic,10
286,2024-03-31,2025-02-18,Basic,10
287,2024-01-01,,Basic,10
288,2024-06-29,,Basic,10
289,2024-04-30,,Basic,10
290,2024-09-27,,Basic,10
291,2025-03-26,,Basic,10
292,2025-03-26,,Pro,25
293,2024-06-29,2024-10-19,Pro,25
294,2024-08-28,2025-03-19,Basic,10
295,2025-03-26,,Pro,25
296,2025-03-26,2025-09-10,Basic,10
297,2024-06-29,2025-06-07,Basic,10
298,2025-04-25,,Pro,25
299,2024-09-27,2025-03-07,Enterprise,100
300,2025-01-25,2025-06-04,Basic,10
301,2025-04-25,,Pro,25
302,2024-06-29,,Pro,25
303,2024-12-26,2026-03-06,Pro,25
304,2024-12-26,,Basic,10
305,2024-10-27,,Pro,25
306,2024-10-27,,Basic,10
307,2024-03-01,,Basic,10
308,2024-03-31,,Enterprise,100
309,2024-01-31,2025-06-03,Pro,25
310,2024-05-30,2025-05-23,Basic,10
311,2024-12-26,,Basic,10
312,2024-05-30,,Pro,25
313,2025-04-25,,Enterprise,100
314,2025-05-25,,Basic,10
315,2025-05-25,,Basic,10
316,2024-09-27,2024-12-03,Pro,25
317,2024-11-26,2025-10-27,Basic,10
318,2025-01-25,2025-07-05,Basic,10
319,2024-11-26,,Basic,10
320,2024-01-31,2025-05-30,Basic,10
321,2024-03-31,,Pro,25
322,2024-11-26,2025-08-21,Pro,25
323,2024-08-28,,Basic,10
324,2024-05-30,2025-05-19,Basic,10
325,2024-06-29,,Pro,25
326,2025-05-25,2026-02-22,Basic,10
327,2024-06-29,2024-12-26,Basic,10
328,2024-04-30,2025-07-28,Basic,10
329,2024-03-01,,Basic,10
330,2024-10-27,,Basic,10
331,2025-03-26,,Basic,10
332,2024-10-27,,Basic,10
333,2024-04-30,,Basic,10
334,2024-10-27,,Pro,25
335,2024-06-29,2025-04-25,Basic,10
336,2025-03-26,,Basic,10
337,2024-07-29,2025-06-22,Pro,25
338,2025-03-26,2025-10-21,Pro,25
339,2024-06-29,2025-06-07,Basic,10
340,2025-04-25,2025-12-07,Pro,25
341,2025-05-25,2025-12-08,Basic,10
342,2024-06-29,2025-03-30,Basic,10
343,2024-09-27,,Pro,25
344,2025-02-24,,Basic,10
345,2024-04-30,2025-01-17,Pro,25
346,2024-10-27,,Basic,10
347,2025-04-25,2025-07-24,Basic,10
348,2025-02-24,2025-12-24,Basic,10
349,2025-05-25,,Basic,10
350,2024-05-30,,Pro,25
351,2025-01-25,2025-09-26,Pro,25
352,2025-01-25,2025-07-09,Basic,10
353,2024-07-29,2025-06-09,Pro,25
354,2024-01-01,,Pro,25
355,2024-06-29,2024-08-30,Pro,25
356,2024-04-30,2025-05-04,Basic,10
357,2024-04-30,2024-06-04,Pro,25
358,2024-01-01,2024-05-15,Pro,25
359,2025-02-24,,Basic,10
360,2024-01-01,,Basic,10
361,2025-05-25,,Basic,10
362,2024-11-26,2026-03-21,Pro,25
363,2024-05-30,,Basic,10
364,2024-07-29,,Basic,10
365,2024-01-01,,Basic,10
366,2024-10-27,,Basic,10
367,2024-11-26,2025-10-04,Pro,25
368,2025-01-25,2025-03-12,Pro,25
369,2025-01-25,,Basic,10
370,2025-03-26,2025-06-23,Basic,10
371,2024-03-01,2024-11-20,Pro,25
372,2024-11-26,,Pro,25
373,2025-01-25,,Basic,10
374,2024-08-28,2025-03-04,Pro,25
375,2024-06-29,,Basic,10
376,2024-06-29,,Pro,25
377,2025-05-25,2026-09-14,Pro,25
378,2025-05-25,,Pro,25
379,2024-05-30,,Enterprise,100
380,2025-01-25,2025-06-11,Enterprise,100
381,2024-01-01,2025-02-12,Pro,25
382,2024-12-26,2025-05-28,Basic,10
383,2024-11-26,,Pro,25
384,2024-04-30,,Basic,10
385,2024-09-27,2025-03-05,Enterprise,100
386,2024-05-30,,Pro,25
387,2024-08-28,2025-09-19,Pro,25
388,2024-07-29,,Enterprise,100
389,2024-01-31,2024-09-10,Pro,25
390,2025-02-24,,Pro,25
391,2025-05-25,2026-02-14,Enterprise,100
392,2024-04-30,,Basic,10
393,2024-06-29,2025-09-08,Basic,10
394,2024-05-30,2024-10-22,Basic,10
395,2024-03-01,2025-05-23,Basic,10
396,2024-10-27,,Basic,10
397,2024-05-30,,Basic,10
398,2025-04-25,2026-05-10,Pro,25
399,2024-03-01,,Pro,25
400,2025-03-26,2026-04-12,Pro,25
401,2024-11-26,,Pro,25
402,2024-10-27,,Basic,10
403,2024-12-26,2025-05-27,Pro,25
404,2025-01-25,2025-06-26,Basic,10
405,2024-04-30,2024-10-02,Pro,25
406,2025-03-26,2025-06-25,Basic,10
407,2024-03-31,,Pro,25
408,2024-11-26,,Basic,10
409,2024-03-01,,Basic,10
410,2024-05-30,,Basic,10
411,2024-11-26,,Pro,25
412,2024-06-29,,Pro,25
413,2024-07-29,,Pro,25
414,2024-03-31,2025-03-27,Enterprise,100
415,2024-05-30,,Pro,25
416,2025-01-25,,Pro,25
417,2024-03-31,,Basic,10
418,2024-01-01,,Pro,25
419,2024-12-26,,Enterprise,100
420,2024-03-01,,Basic,10
421,2024-05-30,,Basic,10
422,2024-09-27,,Basic,10
423,2024-06-29,2025-07-19,Enterprise,100
424,2024-06-29,2025-03-07,Enterprise,100
425,2024-10-27,2025-08-11,Pro,25
426,2024-01-01,2024-10-28,Basic,10
427,2024-01-01,,Pro,25
428,2025-05-25,,Basic,10
429,2024-03-31,,Basic,10
430,2024-03-01,,Basic,10
431,2024-12-26,,Basic,10
432,2025-05-25,,Pro,25
433,2025-04-25,2025-12-06,Basic,10
434,2024-06-29,2025-11-06,Basic,10
435,2024-04-30,2025-03-20,Enterprise,100
436,2024-12-26,,Enterprise,100
437,2025-04-25,2026-02-25,Pro,25
438,2024-10-27,,Basic,10
439,2024-01-01,,Basic,10
440,2024-12-26,2025-10-16,Enterprise,100
441,2024-01-31,,Basic,10
442,2024-01-01,2025-01-09,Basic,10
443,2024-11-26,2026-03-06,Enterprise,100
444,2024-08-28,,Enterprise,100
445,2024-08-28,2024-11-27,Basic,10
446,2024-10-27,,Basic,10
447,2025-04-25,,Basic,10
448,2024-12-26,,Basic,10
449,2025-03-26,2026-07-06,Basic,10
450,2025-01-25,,Basic,10
451,2024-11-26,2025-11-30,Basic,10
452,2024-01-01,2025-01-12,Pro,25
453,2024-06-29,,Basic,10
454,2025-01-25,2025-05-17,Pro,25
455,2024-01-01,,Basic,10
456,2024-04-30,,Basic,10
457,2025-05-25,2026-06-30,Pro,25
458,2024-09-27,,Basic,10
459,2024-08-28,,Basic,10
460,2024-11-26,2025-08-11,Pro,25
461,2024-05-30,2025-08-01,Pro,25
462,2024-03-31,,Pro,25
463,2024-04-30,,Basic,10
464,2024-01-31,,Basic,10
465,2024-01-31,,Basic,10
466,2024-05-30,,Basic,10
467,2025-02-24,,Basic,10
468,2024-11-26,,Pro,25
469,2025-04-25,,Enterprise,100
470,2025-02-24,,Pro,25
471,2024-10-27,,Basic,10
472,2024-05-30,,Pro,25
473,2024-05-30,,Pro,25
474,2024-01-31,2024-03-03,Pro,25
475,2025-05-25,2025-08-16,Basic,10
476,2024-08-28,2025-04-03,Basic,10
477,2025-05-25,,Basic,10
478,2024-03-01,2025-03-24,Basic,10
479,2024-03-31,,Pro,25
480,2024-01-31,,Pro,25
481,2024-08-28,2025-03-15,Basic,10
482,2024-01-01,2024-12-11,Enterprise,100
483,2025-02-24,2026-02-28,Enterprise,100
484,2024-01-31,,Basic,10
485,2024-11-26,,Basic,10
486,2024-01-31,,Basic,10
487,2024-09-27,,Pro,25
488,2024-09-27,,Basic,10
489,2025-04-25,,Basic,10
490,2024-11-26,,Pro,25
491,2024-03-31,,Basic,10
492,2024-05-30,,Basic,10
493,2024-03-01,,Basic,10
494,2024-09-27,2025-11-05,Basic,10
495,2025-01-25,2025-07-13,Enterprise,100
496,2024-01-31,2024-09-01,Basic,10
497,2024-04-30,,Basic,10
498,2025-05-25,,Basic,10
499,2024-04-30,2025-08-28,Basic,10
500,2024-01-01,,Pro,25
501,2024-01-01,2024-05-21,Basic,10
502,2024-05-30,,Enterprise,100
503,2025-05-25,,Basic,10
504,2024-01-31,2024-04-26,Pro,25
505,2025-02-24,,Basic,10
506,2024-04-30,,Pro,25
507,2024-09-27,,Basic,10
508,2024-04-30,,Basic,10
509,2024-12-26,2025-06-01,Pro,25
510,2025-02-24,2026-04-30,Enterprise,100
511,2024-03-31,,Basic,10
512,2024-08-28,,Basic,10
513,2024-08-28,,Basic,10
514,2024-03-31,2025-05-07,Pro,25
515,2024-09-27,2026-01-31,Pro,25
516,2024-12-26,,Basic,10
517,2024-03-01,2024-09-23,Basic,10
518,2024-05-30,,Pro,25
519,2025-05-25,,Basic,10
520,2025-05-25,,Enterprise,100
521,2025-04-25,,Enterprise,100
522,2024-04-30,,Enterprise,100
523,2024-06-29,,Basic,10
524,2024-05-30,,Pro,25
525,2024-01-31,,Basic,10
526,2024-01-31,,Basic,10
527,2024-07-29,,Enterprise,100
528,2024-09-27,,Basic,10
529,2024-06-29,,Enterprise,100
530,2024-06-29,,Pro,25
531,2024-09-27,2025-08-07,Basic,10
532,2024-04-30,,Pro,25
533,2024-03-01,2024-11-07,Basic,10
534,2024-01-01,,Pro,25
535,2025-05-25,2025-10-13,Basic,10
536,2025-01-25,2025-11-06,Basic,10
537,2024-11-26,,Basic,10
538,2024-01-01,,Basic,10
539,2024-10-27,,Pro,25
540,2024-06-29,2025-05-22,Pro,25
541,2024-11-26,,Basic,10
542,2024-11-26,2025-02-26,Basic,10
543,2024-01-01,,Pro,25
544,2024-05-30,2024-10-08,Basic,10
545,2025-05-25,,Basic,10
546,2024-09-27,,Pro,25
547,2025-03-26,,Pro,25
548,2024-11-26,,Basic,10
549,2024-06-29,,Basic,10
550,2025-05-25,2025-08-04,Basic,10
551,2024-03-01,,Basic,10
552,2025-04-25,,Basic,10
553,2024-12-26,2025-06-16,Pro,25
554,2024-01-01,2024-08-18,Pro,25
555,2024-07-29,,Basic,10
556,2024-04-30,,Basic,10
557,2024-10-27,2025-10-27,Basic,10
558,2025-04-25,,Pro,25
559,2024-11-26,2025-01-29,Basic,10
560,2024-05-30,2024-08-28,Enterprise,100
561,2025-02-24,,Basic,10
562,2025-02-24,2025-10-11,Basic,10
563,2024-08-28,,Basic,10
564,2025-03-26,,Pro,25
565,2024-05-30,,Basic,10
566,2024-03-01,2024-10-15,Pro,25
567,2025-01-25,2025-08-15,Pro,25
568,2024-07-29,2025-11-23,Basic,10
569,2024-06-29,,Basic,10
570,2025-03-26,,Pro,25
571,2024-05-30,,Basic,10
572,2024-10-27,,Basic,10
573,2024-01-01,2025-01-16,Enterprise,100
574,2025-03-26,2025-08-06,Pro,25
575,2024-07-29,2024-11-14,Basic,10
576,2025-01-25,,Basic,10
577,2024-04-30,,Basic,10
578,2024-11-26,,Basic,10
579,2024-04-30,,Enterprise,100
580,2024-01-01,,Pro,25
581,2025-04-25,2025-09-07,Basic,10
582,2025-03-26,,Pro,25
583,2024-07-29,2025-12-08,Basic,10
584,2025-03-26,,Basic,10
585,2025-03-26,,Basic,10
586,2025-01-25,,Pro,25
587,2024-12-26,,Basic,10
588,2024-07-29,,Pro,25
589,2024-05-30,,Basic,10
590,2024-01-31,,Basic,10
591,2024-07-29,2024-12-21,Basic,10
592,2024-10-27,2025-01-07,Enterprise,100
593,2025-05-25,,Basic,10
594,2024-01-01,2024-11-22,Enterprise,100
595,2025-02-24,2026-01-22,Basic,10
596,2024-08-28,,Basic,10
597,2025-02-24,2026-06-09,Pro,25
598,2024-09-27,2024-12-19,Pro,25
599,2024-10-27,2025-04-14,Pro,25
600,2024-03-01,,Basic,10
601,2025-03-26,2026-03-23,Basic,10
602,2024-09-27,,Basic,10
603,2024-05-30,2025-10-06,Basic,10
604,2024-10-27,,Basic,10
605,2025-05-25,,Basic,10
606,2024-01-01,,Basic,10
607,2025-03-26,2025-08-06,Basic,10
608,2025-05-25,,Basic,10
609,2025-05-25,,Basic,10
610,2024-04-30,2025-03-01,Basic,10
611,2024-04-30,,Pro,25
612,2024-03-31,,Enterprise,100
613,2024-05-30,,Enterprise,100
614,2024-03-31,,Basic,10
615,2024-07-29,,Pro,25
616,2024-09-27,,Enterprise,100
617,2024-04-30,,Pro,25
618,2024-11-26,,Basic,10
619,2024-09-27,,Basic,10
620,2024-12-26,,Basic,10
621,2024-08-28,,Enterprise,100
622,2025-05-25,2026-03-12,Pro,25
623,2024-11-26,2025-11-12,Basic,10
624,2024-03-01,,Enterprise,100
625,2024-11-26,,Enterprise,100
626,2025-02-24,2025-11-21,Basic,10
627,2025-02-24,,Pro,25
628,2024-05-30,2025-02-20,Basic,10
629,2024-06-29,2025-09-09,Enterprise,100
630,2024-04-30,2024-06-20,Basic,10
631,2024-01-31,2024-03-22,Enterprise,100
632,2024-03-31,,Basic,10
633,2025-01-25,,Pro,25
634,2024-08-28,2025-05-18,Basic,10
635,2025-01-25,,Pro,25
636,2025-02-24,,Pro,25
637,2024-11-26,,Pro,25
638,2024-01-31,,Basic,10
639,2024-01-31,,Pro,25
640,2024-05-30,2025-09-20,Basic,10
641,2024-08-28,,Basic,10
642,2024-08-28,,Pro,25
643,2024-03-31,,Pro,25
644,2025-02-24,2025-07-14,Basic,10
645,2024-11-26,,Pro,25
646,2024-03-31,2025-05-30,Basic,10
647,2024-10-27,2025-10-02,Basic,10
648,2025-02-24,2025-03-31,Pro,25
649,2025-02-24,2025-09-02,Pro,25
650,2024-03-31,,Pro,25
651,2024-07-29,,Basic,10
652,2024-11-26,2025-11-04,Basic,10
653,2024-04-30,,Basic,10
654,2024-01-01,,Basic,10
655,2025-02-24,,Basic,10
656,2024-07-29,2025-10-25,Basic,10
657,2024-12-26,,Basic,10
658,2025-02-24,2025-05-01,Basic,10
659,2025-04-25,,Basic,10
660,2024-11-26,,Basic,10
661,2024-09-27,,Basic,10
662,2024-12-26,2025-07-29,Enterprise,100
663,2024-03-01,,Basic,10
664,2024-04-30,2024-11-14,Pro,25
665,2024-10-27,,Basic,10
666,2024-12-26,,Pro,25
667,2025-04-25,2025-06-02,Basic,10
668,2025-03-26,,Basic,10
669,2025-02-24,,Basic,10
670,2024-05-30,,Pro,25
671,2024-09-27,2025-05-28,Basic,10
672,2025-03-26,,Basic,10
673,2025-02-24,,Basic,10
674,2024-10-27,,Basic,10
675,2025-03-26,,Basic,10
676,2024-01-31,,Basic,10
677,2024-04-30,,Pro,25
678,2024-11-26,2025-01-29,Basic,10
679,2024-05-30,2025-05-13,Basic,10
680,2024-01-01,,Enterprise,100
681,2024-11-26,,Basic,10
682,2024-01-01,,Basic,10
683,2025-01-25,2025-05-10,Basic,10
684,2025-04-25,,Pro,25
685,2024-08-28,,Basic,10
686,2024-07-29,,Basic,10
687,2024-03-01,,Basic,10
688,2025-03-26,2025-12-31,Basic,10
689,2025-04-25,2026-07-03,Pro,25
690,2024-01-31,,Enterprise,100
691,2024-06-29,2024-11-12,Enterprise,100
692,2024-11-26,2025-04-05,Basic,10
693,2024-06-29,2025-05-06,Basic,10
694,2024-03-31,,Enterprise,100
695,2024-07-29,,Basic,10
696,2025-02-24,,Pro,25
697,2024-05-30,,Pro,25
698,2024-05-30,2024-10-01,Enterprise,100
699,2025-02-24,2025-04-21,Basic,10
700,2024-08-28,2025-10-20,Pro,25
701,2024-09-27,2025-11-09,Pro,25
702,2024-12-26,2025-06-19,Pro,25
703,2025-02-24,2025-06-26,Basic,10
704,2025-02-24,2026-05-14,Basic,10
705,2024-04-30,2024-07-26,Basic,10
706,2024-12-26,2025-11-23,Basic,10
707,2025-02-24,2025-05-28,Pro,25
708,2024-10-27,2026-02-11,Basic,10
709,2024-03-31,,Enterprise,100
710,2024-11-26,2025-01-31,Basic,10
711,2024-03-01,2024-12-03,Basic,10
712,2024-07-29,,Pro,25
713,2024-10-27,,Enterprise,100
714,2025-03-26,,Enterprise,100
715,2025-04-25,,Pro,25
716,2025-01-25,,Enterprise,100
717,2025-01-25,,Basic,10
718,2025-03-26,,Basic,10
719,2024-06-29,,Basic,10
720,2024-05-30,,Basic,10
721,2024-03-31,2025-04-20,Pro,25
722,2024-06-29,,Basic,10
723,2025-02-24,2025-11-23,Enterprise,100
724,2024-08-28,,Basic,10
725,2024-09-27,,Pro,25
726,2024-01-31,,Basic,10
727,2025-03-26,,Basic,10
728,2024-04-30,,Pro,25
729,2024-12-26,,Basic,10
730,2025-01-25,2025-06-01,Basic,10
731,2024-09-27,,Pro,25
732,2024-08-28,2025-01-31,Basic,10
733,2024-04-30,2025-04-09,Basic,10
734,2024-03-31,,Basic,10
735,2024-01-01,,Basic,10
736,2025-05-25,,Enterprise,100
737,2025-04-25,,Pro,25
738,2024-04-30,2024-09-21,Pro,25
739,2024-05-30,2025-10-04,Basic,10
740,2024-12-26,,Pro,25
741,2024-07-29,2025-11-27,Enterprise,100
742,2024-03-31,,Basic,10
743,2025-05-25,,Basic,10
744,2024-07-29,,Basic,10
745,2024-04-30,,Basic,10
746,2024-01-01,2024-03-18,Basic,10
747,2024-09-27,,Basic,10
748,2024-01-31,,Pro,25
749,2024-11-26,2025-09-02,Basic,10
750,2024-03-31,,Basic,10
751,2024-05-30,2024-10-07,Basic,10
752,2024-07-29,,Basic,10
753,2024-08-28,,Basic,10
754,2025-03-26,2026-05-17,Pro,25
755,2024-07-29,2025-05-28,Pro,25
756,2025-01-25,,Basic,10
757,2024-09-27,,Basic,10
758,2024-04-30,2025-05-16,Pro,25
759,2024-10-27,,Pro,25
760,2024-12-26,,Basic,10
761,2025-04-25,,Basic,10
762,2025-04-25,,Pro,25
763,2025-03-26,,Basic,10
764,2025-05-25,2026-07-18,Pro,25
765,2024-07-29,,Basic,10
766,2025-05-25,,Basic,10
767,2024-01-01,2025-04-16,Pro,25
768,2024-01-01,2025-03-21,Basic,10
769,2024-07-29,,Pro,25
770,2024-07-29,2025-07-31,Basic,10
771,2024-09-27,,Basic,10
772,2024-06-29,,Pro,25
773,2024-01-01,2024-02-06,Basic,10
774,2024-09-27,,Pro,25
775,2025-01-25,,Basic,10
776,2025-05-25,,Pro,25
777,2024-01-01,2024-03-26,Pro,25
778,2024-06-29,2024-09-05,Basic,10
779,2024-01-31,,Basic,10
780,2024-06-29,2025-10-10,Basic,10
781,2025-01-25,,Pro,25
782,2025-03-26,,Basic,10
783,2024-05-30,2025-09-19,Pro,25
784,2025-02-24,,Pro,25
785,2025-01-25,,Pro,25
786,2024-10-27,,Basic,10
787,2025-02-24,,Basic,10
788,2024-08-28,2025-05-13,Basic,10
789,2024-10-27,,Pro,25
790,2025-05-25,,Pro,25
791,2025-03-26,,Basic,10
792,2024-06-29,,Basic,10
793,2025-01-25,2025-06-18,Basic,10
794,2025-03-26,,Basic,10
795,2025-01-25,2026-05-18,Basic,10
796,2024-12-26,,Pro,25
797,2025-03-26,,Enterprise,100
798,2024-11-26,,Basic,10
799,2024-12-26,,Basic,10
800,2025-04-25,2025-10-20,Basic,10
801,2025-03-26,,Basic,10
802,2025-05-25,,Pro,25
803,2024-05-30,2024-07-06,Basic,10
804,2024-05-30,,Basic,10
805,2024-11-26,,Basic,10
806,2025-03-26,,Basic,10
807,2025-04-25,2026-05-05,Basic,10
808,2025-04-25,,Basic,10
809,2025-01-25,2025-08-14,Pro,25
810,2025-02-24,,Basic,10
811,2024-07-29,,Enterprise,100
812,2024-06-29,,Pro,25
813,2024-01-31,,Basic,10
814,2024-08-28,2025-07-30,Pro,25
815,2024-03-01,,Enterprise,100
816,2024-04-30,,Basic,10
817,2024-03-01,2024-12-31,Pro,25
818,2024-01-01,,Basic,10
819,2025-04-25,,Pro,25
820,2024-05-30,2024-07-19,Pro,25
821,2024-11-26,2025-05-09,Pro,25
822,2024-01-31,,Pro,25
823,2024-07-29,2025-09-05,Basic,10
824,2025-05-25,2025-11-14,Pro,25
825,2024-08-28,,Enterprise,100
826,2024-03-31,,Basic,10
827,2024-01-01,2024-10-22,Basic,10
828,2025-05-25,2025-07-29,Basic,10
829,2024-01-31,,Basic,10
830,2024-01-01,2024-08-04,Basic,10
831,2024-07-29,,Basic,10
832,2025-02-24,,Pro,25
833,2024-08-28,2024-10-23,Pro,25
834,2025-03-26,,Enterprise,100
835,2024-12-26,,Basic,10
836,2024-09-27,,Basic,10
837,2025-05-25,,Basic,10
838,2024-01-01,2025-04-05,Basic,10
839,2024-06-29,,Pro,25
840,2024-03-01,,Basic,10
841,2024-03-01,,Basic,10
842,2024-04-30,,Enterprise,100
843,2024-01-01,,Basic,10
844,2024-04-30,2025-06-14,Basic,10
845,2024-03-31,,Basic,10
846,2024-09-27,,Basic,10
847,2024-03-31,,Basic,10
848,2024-03-31,,Basic,10
849,2024-01-01,,Basic,10
850,2024-07-29,,Pro,25
851,2024-09-27,,Basic,10
852,2024-07-29,,Pro,25
853,2024-01-31,2024-03-07,Basic,10
854,2025-04-25,,Pro,25
855,2025-02-24,2026-03-13,Pro,25
856,2024-04-30,,Basic,10
857,2024-11-26,2025-05-02,Pro,25
858,2024-11-26,,Pro,25
859,2024-01-31,,Basic,10
860,2025-01-25,,Pro,25
861,2024-05-30,,Basic,10
862,2025-02-24,,Pro,25
863,2025-02-24,2025-08-10,Basic,10
864,2025-04-25,2026-02-07,Enterprise,100
865,2025-03-26,2025-12-07,Pro,25
866,2024-12-26,2025-05-29,Basic,10
867,2024-01-01,2024-11-13,Basic,10
868,2024-03-31,2024-07-07,Basic,10
869,2025-02-24,,Pro,25
870,2025-04-25,,Basic,10
871,2025-03-26,,Basic,10
872,2025-03-26,2026-06-16,Pro,25
873,2024-08-28,2024-10-09,Enterprise,100
874,2024-05-30,,Enterprise,100
875,2024-01-31,,Pro,25
876,2024-03-01,2024-07-18,Basic,10
877,2025-03-26,2026-02-07,Basic,10
878,2024-11-26,,Basic,10
879,2025-03-26,,Basic,10
880,2024-12-26,,Pro,25
881,2024-07-29,,Basic,10
882,2024-10-27,,Basic,10
883,2024-01-01,2025-01-26,Pro,25
884,2024-07-29,2024-10-16,Pro,25
885,2024-04-30,,Basic,10
886,2025-04-25,2026-06-17,Pro,25
887,2024-10-27,2025-03-14,Basic,10
888,2024-11-26,,Basic,10
889,2025-05-25,2026-08-17,Basic,10
890,2025-04-25,,Enterprise,100
891,2024-11-26,,Pro,25
892,2025-04-25,,Basic,10
893,2024-07-29,,Basic,10
894,2024-03-01,2024-07-24,Basic,10
895,2024-10-27,,Basic,10
896,2024-03-01,,Pro,25
897,2024-04-30,,Pro,25
898,2024-09-27,2025-02-20,Pro,25
899,2024-01-01,2025-02-01,Enterprise,100
900,2024-12-26,2025-08-03,Basic,10
901,2024-06-29,,Basic,10
902,2024-07-29,,Pro,25
903,2024-06-29,2024-07-29,Basic,10
904,2024-11-26,,Enterprise,100
905,2024-01-01,2024-04-14,Pro,25
906,2025-04-25,,Enterprise,100
907,2025-02-24,,Pro,25
908,2024-04-30,2024-08-03,Pro,25
909,2024-10-27,2025-11-13,Enterprise,100
910,2025-01-25,2025-06-30,Basic,10
911,2024-09-27,2025-09-02,Pro,25
912,2024-09-27,2025-03-06,Basic,10
913,2024-10-27,,Basic,10
914,2024-11-26,,Pro,25
915,2025-03-26,,Basic,10
916,2025-01-25,,Basic,10
917,2025-04-25,,Basic,10
918,2024-12-26,,Pro,25
919,2025-02-24,,Enterprise,100
920,2024-01-31,2024-10-04,Basic,10
921,2024-04-30,,Enterprise,100
922,2025-02-24,,Basic,10
923,2024-03-01,,Basic,10
924,2025-02-24,2026-04-09,Basic,10
925,2024-06-29,,Enterprise,100
926,2024-11-26,,Basic,10
927,2024-07-29,2025-11-07,Pro,25
928,2025-04-25,2025-08-21,Basic,10
929,2024-07-29,,Basic,10
930,2024-03-31,,Basic,10
931,2024-04-30,,Basic,10
932,2024-03-01,,Basic,10
933,2024-10-27,,Basic,10
934,2024-12-26,,Basic,10
935,2024-06-29,,Enterprise,100
936,2024-01-01,2025-04-25,Pro,25
937,2024-03-01,,Basic,10
938,2025-05-25,,Pro,25
939,2025-02-24,,Basic,10
940,2024-04-30,,Enterprise,100
941,2025-03-26,2025-12-26,Basic,10
942,2025-05-25,,Basic,10
943,2024-08-28,2025-03-14,Enterprise,100
944,2024-08-28,2025-09-24,Pro,25
945,2025-03-26,2026-06-30,Pro,25
946,2024-09-27,,Basic,10
947,2024-11-26,,Basic,10
948,2024-01-31,,Basic,10
949,2024-03-01,,Basic,10
950,2024-06-29,2025-04-26,Pro,25
951,2024-12-26,,Pro,25
952,2024-12-26,,Basic,10
953,2024-10-27,2025-08-25,Pro,25
954,2024-07-29,,Basic,10
955,2024-07-29,,Pro,25
956,2024-12-26,,Pro,25
957,2024-08-28,2025-06-22,Basic,10
958,2024-09-27,2025-01-04,Enterprise,100
959,2024-07-29,,Basic,10
960,2025-05-25,,Basic,10
961,2024-05-30,2025-09-20,Pro,25
962,2024-11-26,,Enterprise,100
963,2024-04-30,,Basic,10
964,2024-08-28,2025-07-03,Basic,10
965,2024-06-29,,Pro,25
966,2024-12-26,,Basic,10
967,2025-03-26,2025-11-10,Enterprise,100
968,2024-03-01,2024-07-21,Basic,10
969,2024-06-29,,Basic,10
970,2025-05-25,,Basic,10
971,2024-09-27,2025-05-25,Basic,10
972,2024-10-27,,Basic,10
973,2024-03-01,,Basic,10
974,2025-03-26,,Pro,25
975,2024-01-31,,Basic,10
976,2025-03-26,2026-03-08,Enterprise,100
977,2024-07-29,,Basic,10
978,2024-04-30,,Enterprise,100
979,2024-07-29,2025-01-17,Pro,25
980,2025-03-26,,Basic,10
981,2025-05-25,,Basic,10
982,2024-12-26,2026-02-18,Basic,10
983,2025-05-25,,Basic,10
984,2024-04-30,,Pro,25
985,2024-03-31,2025-02-14,Pro,25
986,2024-01-01,2024-08-24,Basic,10
987,2024-01-31,,Basic,10
988,2024-05-30,,Basic,10
989,2024-10-27,2025-07-05,Pro,25
990,2024-06-29,,Basic,10
991,2024-06-29,,Basic,10
992,2024-01-01,,Pro,25
993,2025-01-25,2025-09-12,Pro,25
994,2024-10-27,,Basic,10
995,2024-03-01,2024-09-10,Basic,10
996,2024-06-29,,Pro,25
997,2024-01-01,2024-03-28,Basic,10
998,2024-11-26,,Pro,25
999,2024-04-30,2025-03-06,Basic,10
1000,2024-09-27,,Basic,10
1001,2025-03-26,2025-06-06,Pro,25
1002,2024-01-01,2024-03-09,Basic,10
1003,2024-05-30,2024-12-27,Enterprise,100
1004,2024-03-01,,Pro,25
1005,2024-07-29,,Pro,25
1006,2024-07-29,,Enterprise,100
1007,2024-01-31,2025-04-27,Enterprise,100
1008,2024-12-26,2026-01-23,Pro,25
1009,2024-01-01,,Basic,10
1010,2025-01-25,,Basic,10
1011,2024-05-30,,Enterprise,100
1012,2025-03-26,2026-08-01,Pro,25
1013,2025-02-24,2025-09-18,Basic,10
1014,2024-04-30,2024-10-12,Basic,10
1015,2024-06-29,,Enterprise,100
1016,2024-01-31,,Basic,10
1017,2025-04-25,,Basic,10
1018,2024-03-31,2025-07-15,Basic,10
1019,2024-01-01,2024-08-14,Enterprise,100
1020,2025-02-24,,Basic,10
1021,2024-04-30,,Basic,10
1022,2024-04-30,,Basic,10
1023,2024-07-29,,Pro,25
1024,2025-03-26,,Pro,25
1025,2024-01-01,,Basic,10
1026,2024-10-27,2025-12-28,Enterprise,100
1027,2024-09-27,,Basic,10
1028,2024-08-28,2025-05-13,Basic,10
1029,2025-05-25,,Basic,10
1030,2024-08-28,,Enterprise,100
1031,2024-04-30,,Enterprise,100
1032,2024-08-28,2025-08-28,Basic,10
1033,2024-06-29,2025-04-03,Pro,25
1034,2024-04-30,2024-10-30,Pro,25
1035,2025-05-25,,Basic,10
1036,2024-10-27,2026-02-18,Basic,10
1037,2024-04-30,,Basic,10
1038,2025-02-24,,Pro,25
1039,2025-05-25,2026-04-07,Basic,10
1040,2024-03-01,2025-05-24,Basic,10
1041,2024-09-27,,Basic,10
1042,2024-12-26,2025-09-02,Pro,25
1043,2024-04-30,,Basic,10
1044,2025-03-26,2026-06-17,Basic,10
1045,2024-05-30,,Pro,25
1046,2024-01-01,,Basic,10
1047,2024-06-29,,Pro,25
1048,2024-01-31,2024-06-20,Basic,10
1049,2024-11-26,2025-02-13,Basic,10
1050,2024-03-31,,Basic,10
1051,2024-07-29,,Basic,10
1052,2024-01-31,,Basic,10
1053,2024-12-26,2026-02-16,Basic,10
1054,2024-03-01,,Pro,25
1055,2024-06-29,2025-07-01,Basic,10
1056,2024-03-01,,Enterprise,100
1057,2024-07-29,2025-07-15,Basic,10
1058,2024-01-31,,Pro,25
1059,2024-06-29,,Pro,25
1060,2025-04-25,2025-06-29,Pro,25
1061,2025-01-25,,Pro,25
1062,2024-06-29,,Enterprise,100
1063,2024-01-01,2025-01-05,Pro,25
1064,2025-01-25,,Basic,10
1065,2024-03-31,2024-06-23,Basic,10
1066,2025-03-26,2025-08-06,Pro,25
1067,2024-06-29,,Basic,10
1068,2024-01-01,2024-07-13,Pro,25
1069,2024-03-31,,Enterprise,100
1070,2024-03-01,,Basic,10
1071,2024-12-26,,Basic,10
1072,2024-12-26,2025-07-27,Basic,10
1073,2025-05-25,,Enterprise,100
1074,2024-01-31,2024-08-11,Basic,10
1075,2024-11-26,2025-05-16,Pro,25
1076,2025-04-25,2026-01-25,Basic,10
1077,2024-08-28,,Basic,10
1078,2025-03-26,,Pro,25
1079,2024-03-31,2025-04-29,Pro,25
1080,2024-03-31,,Pro,25
1081,2025-01-25,,Pro,25
1082,2024-01-31,,Enterprise,100
1083,2025-02-24,,Basic,10
1084,2024-09-27,2025-01-02,Basic,10
1085,2025-05-25,,Enterprise,100
1086,2024-12-26,,Basic,10
1087,2025-05-25,,Basic,10
1088,2025-05-25,2026-08-05,Basic,10
1089,2024-10-27,2025-09-20,Basic,10
1090,2024-03-31,,Basic,10
1091,2024-01-31,,Pro,25
1092,2024-06-29,,Basic,10
1093,2024-07-29,2025-01-03,Pro,25
1094,2025-03-26,,Basic,10
1095,2024-07-29,,Pro,25
1096,2025-05-25,2026-02-08,Pro,25
1097,2024-12-26,,Basic,10
1098,2024-08-28,2025-03-22,Basic,10
1099,2024-11-26,2025-08-08,Pro,25
1100,2024-12-26,,Enterprise,100
1101,2024-01-31,,Basic,10
1102,2024-01-01,,Basic,10
1103,2024-12-26,2026-02-16,Pro,25
1104,2024-09-27,2024-11-21,Basic,10
1105,2024-01-01,2024-02-07,Basic,10
1106,2024-06-29,,Pro,25
1107,2024-03-31,,Basic,10
1108,2024-09-27,,Pro,25
1109,2024-06-29,2025-07-13,Basic,10
1110,2024-04-30,2025-08-13,Enterprise,100
1111,2025-05-25,2025-10-06,Basic,10
1112,2024-06-29,2025-07-26,Enterprise,100
1113,2024-03-01,2025-04-06,Pro,25
1114,2024-10-27,2025-02-08,Pro,25
1115,2024-07-29,,Basic,10
1116,2025-01-25,,Basic,10
1117,2024-03-01,2024-12-28,Enterprise,100
1118,2025-01-25,2025-05-01,Basic,10
1119,2024-09-27,,Pro,25
1120,2025-02-24,,Pro,25
1121,2024-06-29,,Pro,25
1122,2024-11-26,2026-01-11,Pro,25
1123,2024-05-30,2025-06-16,Enterprise,100
1124,2024-03-31,2024-09-14,Basic,10
1125,2024-12-26,,Pro,25
1126,2025-02-24,,Basic,10
1127,2025-04-25,,Basic,10
1128,2024-10-27,,Pro,25
1129,2024-12-26,2026-02-26,Basic,10
1130,2025-01-25,,Basic,10
1131,2025-05-25,,Enterprise,100
1132,2024-10-27,,Basic,10
1133,2024-01-31,,Basic,10
1134,2024-01-31,2024-12-01,Basic,10
1135,2024-11-26,2025-09-19,Basic,10
1136,2024-01-01,,Basic,10
1137,2024-11-26,,Pro,25
1138,2025-05-25,,Basic,10
1139,2025-04-25,,Basic,10
1140,2024-03-01,,Basic,10
1141,2024-12-26,,Basic,10
1142,2024-08-28,,Enterprise,100
1143,2024-03-01,2025-05-02,Enterprise,100
1144,2024-12-26,,Pro,25
1145,2025-03-26,2026-05-17,Basic,10
1146,2024-07-29,2025-08-24,Basic,10
1147,2024-01-31,2024-06-01,Pro,25
1148,2024-01-31,2024-03-11,Basic,10
1149,2024-11-26,,Basic,10
1150,2024-12-26,,Basic,10
1151,2024-11-26,,Pro,25
1152,2025-02-24,,Pro,25
1153,2024-07-29,,Basic,10
1154,2024-04-30,,Basic,10
1155,2024-08-28,,Basic,10
1156,2024-10-27,2025-03-20,Pro,25
1157,2024-11-26,2026-02-18,Basic,10
1158,2024-01-01,,Enterprise,100
1159,2024-06-29,2025-01-02,Basic,10
1160,2024-03-01,2024-11-24,Basic,10
1161,2025-03-26,,Basic,10
1162,2024-03-31,,Enterprise,100
1163,2024-09-27,2026-01-04,Pro,25
1164,2024-09-27,2025-03-11,Enterprise,100
1165,2024-05-30,2025-04-21,Basic,10
1166,2024-10-27,,Pro,25
1167,2025-03-26,2026-03-31,Basic,10
1168,2024-07-29,,Basic,10
1169,2024-04-30,2025-03-21,Basic,10
1170,2024-05-30,,Pro,25
1171,2024-10-27,,Basic,10
1172,2024-03-31,2024-11-04,Basic,10
1173,2024-11-26,,Basic,10
1174,2025-05-25,,Basic,10
1175,2025-05-25,2026-08-28,Enterprise,100
1176,2024-06-29,,Pro,25
1177,2024-04-30,,Basic,10
1178,2025-01-25,2025-05-09,Basic,10
1179,2025-01-25,,Pro,25
1180,2024-01-31,2024-05-30,Pro,25
1181,2024-05-30,,Pro,25
1182,2025-02-24,,Basic,10
1183,2025-05-25,2026-02-03,Pro,25
1184,2025-04-25,,Basic,10
1185,2024-11-26,,Basic,10
1186,2024-12-26,,Basic,10
1187,2024-05-30,2024-08-31,Pro,25
1188,2024-10-27,2025-08-29,Enterprise,100
1189,2025-04-25,,Enterprise,100
1190,2025-05-25,2026-10-06,Basic,10
1191,2024-08-28,,Basic,10
1192,2025-01-25,,Basic,10
1193,2024-01-01,,Basic,10
1194,2024-05-30,,Basic,10
1195,2024-12-26,,Pro,25
1196,2024-12-26,2025-04-16,Basic,10
1197,2024-01-01,,Basic,10
1198,2024-01-01,,Basic,10
1199,2025-01-25,2025-12-04,Pro,25
1200,2025-03-26,,Basic,10
1201,2024-03-01,,Pro,25
1202,2025-01-25,,Pro,25
1203,2024-08-28,,Enterprise,100
1204,2025-03-26,,Basic,10
1205,2024-10-27,2025-05-22,Pro,25
1206,2025-01-25,,Basic,10
1207,2024-09-27,,Enterprise,100
1208,2024-05-30,,Basic,10
1209,2024-01-01,2024-09-22,Basic,10
1210,2024-12-26,2025-04-17,Basic,10
1211,2024-03-31,,Basic,10
1212,2024-01-01,,Pro,25
1213,2025-02-24,2026-02-08,Basic,10
1214,2024-07-29,,Basic,10
1215,2024-07-29,,Basic,10
1216,2025-03-26,,Basic,10
1217,2024-04-30,,Basic,10
1218,2025-04-25,,Pro,25
1219,2024-03-01,,Pro,25
1220,2024-08-28,,Basic,10
1221,2025-05-25,,Pro,25
1222,2024-04-30,2025-01-18,Enterprise,100
1223,2024-01-01,2024-11-23,Enterprise,100
1224,2025-02-24,,Basic,10
1225,2024-10-27,,Enterprise,100
1226,2024-05-30,,Basic,10
1227,2025-03-26,,Enterprise,100
1228,2024-03-01,,Basic,10
1229,2024-07-29,2025-04-15,Basic,10
1230,2024-01-31,2025-04-17,Pro,25
1231,2024-01-31,2024-11-15,Basic,10
1232,2025-04-25,,Enterprise,100
1233,2024-09-27,,Basic,10
1234,2024-03-31,,Pro,25
1235,2024-05-30,2024-08-16,Basic,10
1236,2024-06-29,2025-05-24,Basic,10
1237,2024-10-27,,Basic,10
1238,2024-05-30,2024-10-26,Basic,10
1239,2024-07-29,,Pro,25
1240,2024-01-31,2024-10-20,Basic,10
1241,2024-01-31,,Basic,10
1242,2024-09-27,2025-05-10,Basic,10
1243,2025-02-24,,Basic,10
1244,2024-03-01,,Basic,10
1245,2024-03-31,2025-01-25,Basic,10
1246,2024-12-26,2025-06-01,Pro,25
1247,2024-03-31,,Basic,10
1248,2025-04-25,2025-10-20,Pro,25
1249,2024-08-28,,Basic,10
1250,2025-02-24,2026-06-12,Basic,10
1251,2025-01-25,,Pro,25
1252,2025-01-25,,Basic,10
1253,2024-07-29,,Enterprise,100
1254,2024-03-01,2025-03-14,Basic,10
1255,2024-10-27,,Basic,10
1256,2025-01-25,,Pro,25
1257,2024-05-30,,Basic,10
1258,2024-07-29,2024-10-13,Basic,10
1259,2024-04-30,2024-06-25,Enterprise,100
1260,2025-03-26,,Pro,25
1261,2024-10-27,,Pro,25
1262,2025-04-25,,Basic,10
1263,2024-12-26,2025-04-07,Basic,10
1264,2024-11-26,,Pro,25
1265,2024-01-31,2024-06-24,Pro,25
1266,2024-04-30,,Basic,10
1267,2024-08-28,,Basic,10
1268,2024-03-31,,Basic,10
1269,2025-01-25,2025-08-21,Pro,25
1270,2025-03-26,,Basic,10
1271,2025-05-25,2026-01-26,Basic,10
1272,2024-01-31,2024-05-06,Pro,25
1273,2024-11-26,,Basic,10
1274,2024-01-31,,Basic,10
1275,2025-04-25,,Basic,10
1276,2024-12-26,,Enterprise,100
1277,2024-08-28,2025-08-27,Basic,10
1278,2025-03-26,,Basic,10
1279,2024-03-31,2024-10-07,Basic,10
1280,2024-03-01,,Basic,10
1281,2024-10-27,2026-01-31,Pro,25
1282,2025-03-26,,Basic,10
1283,2024-08-28,,Basic,10
1284,2024-09-27,2025-12-12,Basic,10
1285,2024-04-30,2024-08-08,Basic,10
1286,2025-02-24,,Pro,25
1287,2025-05-25,2025-07-07,Basic,10
1288,2025-02-24,2025-05-12,Basic,10
1289,2024-04-30,,Pro,25
1290,2024-05-30,,Basic,10
1291,2025-02-24,,Basic,10
1292,2024-09-27,2026-01-09,Basic,10
1293,2025-01-25,2025-09-11,Pro,25
1294,2025-01-25,2026-02-11,Pro,25
1295,2024-08-28,,Basic,10
1296,2025-03-26,,Pro,25
1297,2024-07-29,,Basic,10
1298,2024-01-31,2024-05-18,Basic,10
1299,2024-11-26,,Basic,10
1300,2024-08-28,,Basic,10
1301,2024-01-01,,Basic,10
1302,2024-08-28,2025-09-24,Basic,10
1303,2024-09-27,,Basic,10
1304,2024-04-30,,Basic,10
1305,2024-09-27,,Basic,10
1306,2025-05-25,,Basic,10
1307,2025-04-25,,Basic,10
1308,2025-01-25,,Pro,25
1309,2024-05-30,,Basic,10
1310,2025-03-26,2026-07-19,Pro,25
1311,2024-05-30,,Basic,10
1312,2024-06-29,2024-12-20,Basic,10
1313,2024-03-31,,Basic,10
1314,2024-11-26,,Basic,10
1315,2024-01-01,,Basic,10
1316,2024-01-01,,Pro,25
1317,2024-01-01,,Basic,10
1318,2025-04-25,,Basic,10
1319,2024-10-27,2025-03-20,Basic,10
1320,2024-01-31,2024-04-18,Basic,10
1321,2024-05-30,2025-10-02,Basic,10
1322,2024-05-30,,Pro,25
1323,2024-03-01,2025-06-11,Pro,25
1324,2024-10-27,,Pro,25
1325,2024-03-01,,Basic,10
1326,2024-06-29,2025-01-19,Basic,10
1327,2024-09-27,,Basic,10
1328,2024-05-30,,Basic,10
1329,2024-08-28,2026-01-05,Basic,10
1330,2024-03-01,2024-09-27,Pro,25
1331,2025-04-25,,Pro,25
1332,2025-03-26,,Basic,10
1333,2024-12-26,,Basic,10
1334,2024-06-29,,Basic,10
1335,2024-01-31,,Basic,10
1336,2024-05-30,2025-05-27,Pro,25
1337,2024-07-29,,Basic,10
1338,2024-04-30,2024-07-05,Pro,25
1339,2024-08-28,2025-04-17,Basic,10
1340,2024-09-27,,Basic,10
1341,2025-02-24,,Pro,25
1342,2024-09-27,2025-06-05,Enterprise,100
1343,2024-11-26,2026-02-07,Basic,10
1344,2024-04-30,,Pro,25
1345,2024-09-27,,Pro,25
1346,2024-07-29,,Basic,10
1347,2024-04-30,2024-09-26,Basic,10
1348,2025-03-26,,Basic,10
1349,2024-05-30,2025-10-08,Basic,10
1350,2024-07-29,2025-11-08,Basic,10
1351,2024-07-29,2024-11-10,Enterprise,100
1352,2025-02-24,2026-03-10,Pro,25
1353,2024-03-01,2025-01-30,Basic,10
1354,2025-02-24,2026-05-15,Basic,10
1355,2024-05-30,,Basic,10
1356,2025-02-24,2025-07-24,Pro,25
1357,2024-12-26,2025-05-27,Basic,10
1358,2024-07-29,,Pro,25
1359,2024-05-30,,Basic,10
1360,2024-01-31,,Pro,25
1361,2024-08-28,,Basic,10
1362,2025-02-24,,Basic,10
1363,2025-02-24,,Basic,10
1364,2024-01-31,2024-10-06,Pro,25
1365,2024-07-29,,Pro,25
1366,2024-07-29,2025-07-28,Pro,25
1367,2024-08-28,2025-11-18,Basic,10
1368,2024-10-27,,Basic,10
1369,2024-08-28,,Basic,10
1370,2024-04-30,,Enterprise,100
1371,2025-04-25,,Pro,25
1372,2025-02-24,,Pro,25
1373,2024-03-01,,Pro,25
1374,2025-05-25,2026-05-25,Basic,10
1375,2025-03-26,,Basic,10
1376,2025-03-26,,Basic,10
1377,2024-01-31,2024-12-20,Basic,10
1378,2025-03-26,2026-06-04,Enterprise,100
1379,2024-06-29,,Basic,10
1380,2025-04-25,,Pro,25
1381,2024-08-28,2024-12-29,Pro,25
1382,2024-01-31,,Basic,10
1383,2024-09-27,,Pro,25
1384,2024-12-26,,Enterprise,100
1385,2025-03-26,,Basic,10
1386,2024-01-01,,Pro,25
1387,2024-06-29,2025-04-01,Pro,25
1388,2024-10-27,2025-09-30,Basic,10
1389,2024-04-30,,Basic,10
1390,2025-01-25,2025-05-03,Basic,10
1391,2024-04-30,2025-09-01,Pro,25
1392,2024-07-29,2025-02-26,Basic,10
1393,2024-11-26,2025-04-27,Basic,10
1394,2024-06-29,,Basic,10
1395,2024-03-01,2024-04-12,Basic,10
1396,2024-06-29,2025-09-20,Basic,10
1397,2024-08-28,,Basic,10
1398,2025-03-26,2025-06-04,Basic,10
1399,2024-04-30,,Basic,10
1400,2024-04-30,,Pro,25
1401,2024-07-29,2025-08-05,Basic,10
1402,2024-12-26,2025-10-15,Basic,10
1403,2024-08-28,,Basic,10
1404,2024-09-27,,Pro,25
1405,2024-11-26,,Basic,10
1406,2024-08-28,,Basic,10
1407,2024-09-27,2025-04-21,Basic,10
1408,2024-11-26,,Basic,10
1409,2024-12-26,2025-06-18,Basic,10
1410,2024-10-27,,Basic,10
1411,2025-02-24,2025-10-21,Pro,25
1412,2025-04-25,2026-03-02,Pro,25
1413,2025-01-25,2025-04-15,Basic,10
1414,2025-05-25,2025-07-16,Basic,10
1415,2024-03-01,,Basic,10
1416,2024-07-29,,Pro,25
1417,2024-05-30,,Basic,10
1418,2024-10-27,,Basic,10
1419,2024-09-27,2025-10-02,Pro,25
1420,2024-04-30,2024-10-02,Basic,10
1421,2024-01-01,2025-02-05,Basic,10
1422,2025-05-25,2025-07-01,Basic,10
1423,2024-10-27,,Pro,25
1424,2024-10-27,2025-04-26,Basic,10
1425,2025-05-25,,Basic,10
1426,2025-03-26,,Basic,10
1427,2024-04-30,2025-02-25,Basic,10
1428,2024-01-01,2024-10-07,Pro,25
1429,2024-07-29,,Basic,10
1430,2024-06-29,,Pro,25
1431,2024-03-01,2024-06-29,Pro,25
1432,2024-01-31,,Pro,25
1433,2024-03-31,2025-03-16,Basic,10
1434,2024-03-01,,Pro,25
1435,2024-05-30,2025-02-05,Basic,10
1436,2024-10-27,2025-02-27,Basic,10
1437,2024-01-31,2024-04-19,Basic,10
1438,2024-11-26,,Basic,10
1439,2025-04-25,2026-06-26,Basic,10
1440,2024-10-27,2025-02-20,Enterprise,100
1441,2024-05-30,2025-10-07,Pro,25
1442,2024-07-29,,Basic,10
1443,2024-06-29,2025-05-15,Basic,10
1444,2024-03-31,,Basic,10
1445,2024-06-29,,Basic,10
1446,2024-05-30,,Basic,10
1447,2025-01-25,,Basic,10
1448,2024-08-28,2025-05-05,Basic,10
1449,2024-07-29,2025-08-21,Enterprise,100
1450,2024-05-30,,Pro,25
1451,2024-05-30,2025-01-18,Basic,10
1452,2025-03-26,,Pro,25
1453,2024-03-01,2024-09-06,Basic,10
1454,2025-03-26,,Pro,25
1455,2024-10-27,,Pro,25
1456,2024-10-27,,Pro,25
1457,2025-05-25,2025-12-01,Pro,25
1458,2024-03-01,,Pro,25
1459,2024-03-31,,Basic,10
1460,2025-02-24,2025-10-22,Basic,10
1461,2025-02-24,,Pro,25
1462,2025-05-25,,Basic,10
1463,2024-03-01,,Basic,10
1464,2025-05-25,,Basic,10
1465,2025-05-25,2026-09-22,Basic,10
1466,2025-04-25,,Pro,25
1467,2024-01-31,2024-07-15,Basic,10
1468,2024-04-30,,Basic,10
1469,2025-02-24,,Enterprise,100
1470,2025-01-25,,Basic,10
1471,2024-03-31,2025-05-03,Basic,10
1472,2024-07-29,2025-06-17,Basic,10
1473,2025-01-25,,Pro,25
1474,2024-01-01,,Basic,10
1475,2025-05-25,,Basic,10
1476,2024-07-29,,Basic,10
1477,2025-03-26,,Basic,10
1478,2024-01-31,2024-06-25,Basic,10
1479,2024-12-26,2025-06-18,Basic,10
1480,2024-08-28,2025-12-17,Pro,25
1481,2024-10-27,2025-01-11,Basic,10
1482,2024-07-29,,Basic,10
1483,2024-04-30,,Basic,10
1484,2024-01-01,,Enterprise,100
1485,2025-02-24,,Basic,10
1486,2024-12-26,,Pro,25
1487,2025-03-26,2026-04-16,Basic,10
1488,2024-09-27,,Basic,10
1489,2024-10-27,2026-03-03,Basic,10
1490,2025-03-26,,Pro,25
1491,2024-11-26,,Pro,25
1492,2025-05-25,2026-07-25,Basic,10
1493,2024-09-27,,Basic,10
1494,2025-03-26,,Basic,10
1495,2025-05-25,,Basic,10
1496,2024-09-27,,Basic,10
1497,2024-01-31,,Basic,10
1498,2024-07-29,,Basic,10
1499,2024-01-31,,Basic,10
1500,2024-03-01,,Basic,10
1501,2024-04-30,,Basic,10
1502,2024-10-27,,Basic,10
1503,2024-04-30,,Basic,10
1504,2024-11-26,,Pro,25
1505,2024-06-29,,Pro,25
1506,2024-03-01,2025-01-25,Pro,25
1507,2024-08-28,,Enterprise,100
1508,2025-01-25,,Pro,25
1509,2024-08-28,,Basic,10
1510,2024-12-26,,Enterprise,100
1511,2024-12-26,2025-06-04,Basic,10
1512,2024-08-28,,Basic,10
1513,2025-03-26,2025-12-10,Basic,10
1514,2024-12-26,,Basic,10
1515,2024-07-29,2025-01-08,Pro,25
1516,2024-05-30,,Basic,10
1517,2025-03-26,,Basic,10
1518,2024-12-26,,Basic,10
1519,2025-04-25,,Basic,10
1520,2024-03-31,,Basic,10
1521,2025-01-25,2026-03-23,Basic,10
1522,2024-07-29,,Basic,10
1523,2024-03-01,,Basic,10
1524,2025-01-25,,Basic,10
1525,2024-05-30,,Basic,10
1526,2025-03-26,2025-06-22,Pro,25
1527,2025-04-25,,Basic,10
1528,2024-06-29,,Basic,10
1529,2025-04-25,,Basic,10
1530,2024-06-29,,Basic,10
1531,2025-02-24,2026-05-18,Pro,25
1532,2025-04-25,2026-07-12,Basic,10
1533,2024-06-29,,Pro,25
1534,2024-04-30,,Basic,10
1535,2024-01-31,2024-05-02,Enterprise,100
1536,2024-06-29,,Basic,10
1537,2024-05-30,,Basic,10
1538,2025-04-25,,Basic,10
1539,2025-01-25,2026-04-13,Enterprise,100
1540,2024-10-27,,Basic,10
1541,2025-04-25,2025-08-17,Basic,10
1542,2024-05-30,,Basic,10
1543,2024-03-01,,Basic,10
1544,2024-03-31,2024-10-31,Basic,10
1545,2024-07-29,2025-05-25,Pro,25
1546,2024-05-30,,Basic,10
1547,2025-05-25,,Pro,25
1548,2024-06-29,2025-07-28,Basic,10
1549,2024-11-26,,Basic,10
1550,2024-06-29,2025-01-15,Enterprise,100
1551,2024-09-27,,Basic,10
1552,2025-03-26,,Basic,10
1553,2025-01-25,,Basic,10
1554,2024-07-29,2025-10-07,Basic,10
1555,2025-02-24,2026-06-26,Pro,25
1556,2025-05-25,2025-07-08,Basic,10
1557,2024-08-28,2025-06-08,Pro,25
1558,2025-01-25,,Pro,25
1559,2024-08-28,2025-05-16,Enterprise,100
1560,2024-11-26,,Basic,10
1561,2024-09-27,2024-11-10,Pro,25
1562,2025-05-25,,Pro,25
1563,2025-02-24,2025-10-15,Pro,25
1564,2024-09-27,2025-04-28,Basic,10
1565,2024-09-27,,Basic,10
1566,2024-04-30,2024-11-13,Basic,10
1567,2025-05-25,,Basic,10
1568,2024-09-27,2024-11-12,Basic,10
1569,2025-03-26,2026-08-03,Enterprise,100
1570,2024-04-30,,Basic,10
1571,2024-07-29,,Pro,25
1572,2025-05-25,,Enterprise,100
1573,2024-05-30,2025-05-23,Basic,10
1574,2024-06-29,2024-12-04,Basic,10
1575,2025-01-25,,Basic,10
1576,2024-10-27,,Basic,10
1577,2024-01-01,,Pro,25
1578,2024-04-30,2024-09-18,Basic,10
1579,2024-10-27,,Basic,10
1580,2024-03-31,,Pro,25
1581,2024-01-31,2025-06-10,Basic,10
1582,2024-09-27,,Basic,10
1583,2024-06-29,2024-08-20,Pro,25
1584,2024-06-29,,Basic,10
1585,2024-01-31,2024-07-27,Basic,10
1586,2024-10-27,2025-06-28,Pro,25
1587,2025-04-25,2025-06-15,Basic,10
1588,2025-05-25,,Basic,10
1589,2024-09-27,,Enterprise,100
1590,2024-12-26,2025-10-30,Basic,10
1591,2024-11-26,,Basic,10
1592,2024-10-27,2025-10-21,Pro,25
1593,2024-12-26,,Basic,10
1594,2024-11-26,,Enterprise,100
1595,2025-05-25,,Pro,25
1596,2024-01-31,2024-10-02,Basic,10
1597,2024-03-31,2024-11-08,Pro,25
1598,2024-03-31,2024-12-11,Basic,10
1599,2025-04-25,2026-02-03,Basic,10
1600,2024-03-01,,Basic,10
1601,2024-07-29,,Basic,10
1602,2024-12-26,,Enterprise,100
1603,2024-05-30,2024-12-07,Basic,10
1604,2024-05-30,,Pro,25
1605,2024-07-29,,Basic,10
1606,2024-08-28,,Pro,25
1607,2024-06-29,,Enterprise,100
1608,2024-05-30,2024-09-16,Basic,10
1609,2024-05-30,2025-09-13,Basic,10
1610,2024-01-31,2025-06-02,Basic,10
1611,2025-02-24,,Pro,25
1612,2024-04-30,2024-06-13,Basic,10
1613,2024-01-01,2025-01-30,Basic,10
1614,2024-10-27,,Basic,10
1615,2024-12-26,,Basic,10
1616,2025-01-25,,Basic,10
1617,2025-02-24,,Pro,25
1618,2024-03-31,2024-09-06,Basic,10
1619,2024-04-30,,Basic,10
1620,2024-08-28,,Basic,10
1621,2024-07-29,,Basic,10
1622,2024-07-29,2025-08-31,Basic,10
1623,2024-10-27,,Basic,10
1624,2025-04-25,2026-03-08,Pro,25
1625,2025-05-25,2025-07-09,Basic,10
1626,2024-01-01,,Basic,10
1627,2024-11-26,,Basic,10
1628,2025-04-25,,Basic,10
1629,2025-05-25,2026-09-30,Basic,10
1630,2025-05-25,,Basic,10
1631,2025-03-26,,Basic,10
1632,2025-03-26,2026-06-20,Basic,10
1633,2024-10-27,,Basic,10
1634,2024-03-01,,Basic,10
1635,2024-06-29,2024-11-05,Basic,10
1636,2024-11-26,,Basic,10
1637,2025-04-25,,Pro,25
1638,2024-03-01,,Basic,10
1639,2024-04-30,,Basic,10
1640,2025-03-26,,Pro,25
1641,2025-03-26,,Basic,10
1642,2025-03-26,2026-03-06,Basic,10
1643,2025-01-25,2025-10-19,Basic,10
1644,2024-03-01,,Basic,10
1645,2025-04-25,,Basic,10
1646,2025-05-25,,Pro,25
1647,2025-03-26,2025-08-23,Basic,10
1648,2024-06-29,,Basic,10
1649,2025-01-25,,Pro,25
1650,2024-03-31,,Pro,25
1651,2024-03-31,,Basic,10
1652,2024-11-26,2025-12-31,Basic,10
1653,2024-08-28,,Basic,10
1654,2024-05-30,,Pro,25
1655,2024-01-31,2024-07-25,Basic,10
1656,2024-08-28,,Pro,25
1657,2025-01-25,,Pro,25
1658,2024-11-26,,Basic,10
1659,2025-05-25,2025-12-25,Pro,25
1660,2025-03-26,2025-05-14,Basic,10
1661,2024-05-30,2025-07-21,Basic,10
1662,2024-09-27,2025-09-20,Basic,10
1663,2024-11-26,,Basic,10
1664,2024-11-26,2026-02-22,Basic,10
1665,2024-03-01,2024-06-17,Pro,25
1666,2025-04-25,,Pro,25
1667,2025-04-25,2025-06-25,Basic,10
1668,2024-07-29,,Pro,25
1669,2024-10-27,,Enterprise,100
1670,2025-04-25,2026-03-15,Basic,10
1671,2025-03-26,2025-05-18,Basic,10
1672,2024-07-29,,Basic,10
1673,2025-01-25,2025-03-02,Enterprise,100
1674,2024-05-30,,Pro,25
1675,2024-06-29,,Basic,10
1676,2025-05-25,,Basic,10
1677,2024-01-01,,Basic,10
1678,2025-03-26,,Pro,25
1679,2024-09-27,2025-05-22,Basic,10
1680,2024-03-31,,Basic,10
1681,2024-07-29,,Basic,10
1682,2024-03-31,,Basic,10
1683,2024-06-29,,Pro,25
1684,2024-12-26,,Basic,10
1685,2025-01-25,2025-05-04,Basic,10
1686,2024-07-29,2025-04-15,Basic,10
1687,2024-08-28,,Basic,10
1688,2024-03-01,,Basic,10
1689,2024-10-27,2025-01-29,Enterprise,100
1690,2024-03-01,,Basic,10
1691,2024-03-31,,Basic,10
1692,2024-08-28,2024-10-05,Pro,25
1693,2024-10-27,,Basic,10
1694,2024-01-31,,Pro,25
1695,2024-05-30,2024-08-18,Pro,25
1696,2024-01-01,,Basic,10
1697,2025-01-25,,Pro,25
1698,2025-01-25,,Basic,10
1699,2024-04-30,,Basic,10
1700,2024-11-26,,Basic,10
1701,2024-12-26,2025-10-07,Pro,25
1702,2025-04-25,,Pro,25
1703,2024-05-30,2024-09-08,Pro,25
1704,2024-09-27,2024-11-12,Pro,25
1705,2024-09-27,,Enterprise,100
1706,2024-07-29,,Pro,25
1707,2024-10-27,2025-09-06,Basic,10
1708,2024-03-31,,Basic,10
1709,2025-01-25,2025-06-18,Pro,25
1710,2024-09-27,2025-10-17,Pro,25
1711,2024-04-30,,Basic,10
1712,2025-03-26,,Basic,10
1713,2024-10-27,,Pro,25
1714,2024-05-30,2024-08-25,Basic,10
1715,2025-04-25,2025-12-07,Enterprise,100
1716,2024-06-29,,Pro,25
1717,2024-10-27,2025-06-04,Pro,25
1718,2024-12-26,,Basic,10
1719,2024-11-26,,Pro,25
1720,2025-02-24,,Enterprise,100
1721,2024-07-29,2024-09-19,Basic,10
1722,2025-04-25,,Basic,10
1723,2024-10-27,,Pro,25
1724,2024-01-01,,Basic,10
1725,2025-03-26,,Basic,10
1726,2025-03-26,,Basic,10
1727,2025-01-25,,Basic,10
1728,2024-03-31,,Pro,25
1729,2024-10-27,2026-02-21,Pro,25
1730,2024-09-27,,Basic,10
1731,2024-12-26,,Basic,10
1732,2024-09-27,,Enterprise,100
1733,2024-03-31,2025-04-12,Basic,10
1734,2024-03-31,,Basic,10
1735,2025-01-25,2025-08-21,Basic,10
1736,2024-06-29,,Enterprise,100
1737,2024-11-26,2025-06-11,Pro,25
1738,2024-01-31,2024-08-28,Basic,10
1739,2024-06-29,,Pro,25
1740,2024-05-30,2025-08-28,Basic,10
1741,2024-10-27,2025-03-30,Basic,10
1742,2025-04-25,2026-08-25,Pro,25
1743,2025-01-25,2025-05-04,Basic,10
1744,2024-08-28,2025-04-07,Enterprise,100
1745,2024-07-29,,Basic,10
1746,2024-04-30,2024-06-10,Basic,10
1747,2024-01-01,2025-03-08,Pro,25
1748,2024-08-28,2025-04-12,Pro,25
1749,2024-09-27,2025-07-20,Pro,25
1750,2025-05-25,2025-06-27,Pro,25
1751,2024-10-27,2025-11-11,Basic,10
1752,2025-05-25,2025-08-11,Basic,10
1753,2024-07-29,,Enterprise,100
1754,2024-07-29,2025-11-21,Basic,10
1755,2024-01-31,2025-01-02,Basic,10
1756,2024-10-27,,Pro,25
1757,2024-01-01,,Basic,10
1758,2024-11-26,2025-04-26,Pro,25
1759,2024-08-28,2024-12-31,Pro,25
1760,2025-03-26,2025-12-04,Pro,25
1761,2024-03-31,2025-05-05,Basic,10
1762,2025-03-26,2025-12-02,Basic,10
1763,2024-03-01,2024-09-23,Basic,10
1764,2024-05-30,,Basic,10
1765,2024-03-31,,Basic,10
1766,2024-09-27,,Pro,25
1767,2024-01-01,,Enterprise,100
1768,2024-09-27,,Basic,10
1769,2024-01-31,,Basic,10
1770,2025-02-24,2025-09-21,Basic,10
1771,2024-04-30,,Basic,10
1772,2024-01-01,,Basic,10
1773,2024-05-30,2024-12-03,Basic,10
1774,2024-11-26,,Pro,25
1775,2024-07-29,,Basic,10
1776,2024-11-26,,Basic,10
1777,2024-03-01,,Basic,10
1778,2024-06-29,,Pro,25
1779,2024-01-31,2025-04-18,Basic,10
1780,2024-08-28,,Basic,10
1781,2024-01-31,,Pro,25
1782,2024-11-26,2026-02-08,Pro,25
1783,2024-07-29,,Basic,10
1784,2024-10-27,2025-01-29,Basic,10
1785,2024-09-27,,Enterprise,100
1786,2024-05-30,2025-08-23,Basic,10
1787,2024-11-26,,Enterprise,100
1788,2024-08-28,,Pro,25
1789,2025-04-25,,Basic,10
1790,2025-04-25,,Pro,25
1791,2025-05-25,,Basic,10
1792,2025-03-26,,Basic,10
1793,2024-05-30,,Pro,25
1794,2025-03-26,,Basic,10
1795,2025-03-26,,Basic,10
1796,2024-01-31,,Basic,10
1797,2025-04-25,,Basic,10
1798,2024-07-29,2024-10-18,Pro,25
1799,2024-01-31,,Pro,25
1800,2024-01-31,2024-04-07,Basic,10
1801,2025-05-25,,Enterprise,100
1802,2024-04-30,2025-04-17,Basic,10
1803,2024-11-26,2025-10-21,Pro,25
1804,2024-06-29,,Basic,10
1805,2024-03-01,,Enterprise,100
1806,2024-01-01,,Basic,10
1807,2025-01-25,,Basic,10
1808,2024-10-27,,Basic,10
1809,2024-03-31,2024-09-27,Pro,25
1810,2024-08-28,,Basic,10
1811,2025-05-25,2025-12-22,Basic,10
1812,2025-05-25,,Basic,10
1813,2024-07-29,,Basic,10
1814,2024-06-29,2025-01-05,Pro,25
1815,2024-10-27,2025-10-22,Pro,25
1816,2025-02-24,,Enterprise,100
1817,2024-10-27,2025-11-17,Basic,10
1818,2025-01-25,,Basic,10
1819,2025-05-25,2025-09-25,Basic,10
1820,2025-01-25,,Basic,10
1821,2024-12-26,,Basic,10
1822,2024-08-28,,Basic,10
1823,2025-01-25,,Pro,25
1824,2025-05-25,,Pro,25
1825,2024-01-31,,Pro,25
1826,2025-01-25,2026-03-30,Pro,25
1827,2024-09-27,,Basic,10
1828,2024-03-31,,Pro,25
1829,2025-02-24,,Enterprise,100
1830,2024-11-26,2025-04-18,Basic,10
1831,2025-01-25,2025-03-04,Pro,25
1832,2024-04-30,,Basic,10
1833,2024-05-30,,Basic,10
1834,2025-03-26,,Pro,25
1835,2025-02-24,,Pro,25
1836,2024-11-26,,Pro,25
1837,2025-03-26,2025-08-28,Basic,10
1838,2024-03-01,2025-06-10,Basic,10
1839,2025-04-25,,Pro,25
1840,2024-03-01,2024-06-08,Pro,25
1841,2025-05-25,2026-08-27,Basic,10
1842,2024-07-29,2025-10-19,Basic,10
1843,2024-01-01,,Pro,25
1844,2024-10-27,2024-12-08,Enterprise,100
1845,2024-11-26,,Basic,10
1846,2025-01-25,,Pro,25
1847,2024-03-31,,Enterprise,100
1848,2024-12-26,,Basic,10
1849,2024-09-27,2025-10-02,Enterprise,100
1850,2024-01-01,2024-06-12,Pro,25
1851,2024-11-26,,Basic,10
1852,2025-01-25,,Pro,25
1853,2025-05-25,,Basic,10
1854,2024-01-31,,Pro,25
1855,2024-04-30,,Pro,25
1856,2025-04-25,,Basic,10
1857,2024-12-26,,Basic,10
1858,2024-01-01,,Basic,10
1859,2024-05-30,,Basic,10
1860,2024-01-01,,Basic,10
1861,2024-11-26,,Basic,10
1862,2024-04-30,2024-06-11,Pro,25
1863,2025-04-25,,Pro,25
1864,2024-07-29,2025-11-26,Basic,10
1865,2024-01-01,2024-04-01,Enterprise,100
1866,2024-03-01,2025-01-16,Basic,10
1867,2025-03-26,,Basic,10
1868,2024-07-29,2025-09-07,Basic,10
1869,2025-05-25,,Basic,10
1870,2024-01-31,2025-06-11,Basic,10
1871,2024-07-29,2025-02-16,Basic,10
1872,2024-05-30,,Enterprise,100
1873,2025-04-25,,Basic,10
1874,2024-07-29,,Basic,10
1875,2024-05-30,,Basic,10
1876,2024-07-29,,Basic,10
1877,2024-01-31,,Basic,10
1878,2025-02-24,,Basic,10
1879,2024-09-27,,Basic,10
1880,2025-05-25,,Basic,10
1881,2025-04-25,,Basic,10
1882,2024-04-30,,Basic,10
1883,2024-01-31,,Basic,10
1884,2024-04-30,2024-06-09,Basic,10
1885,2025-01-25,,Basic,10
1886,2025-05-25,2025-10-11,Pro,25
1887,2025-04-25,,Enterprise,100
1888,2024-07-29,,Basic,10
1889,2024-10-27,2025-11-17,Basic,10
1890,2024-01-01,2024-08-19,Basic,10
1891,2025-03-26,,Pro,25
1892,2024-01-31,,Basic,10
1893,2024-09-27,,Basic,10
1894,2024-08-28,2025-04-21,Basic,10
1895,2025-05-25,,Basic,10
1896,2024-10-27,,Basic,10
1897,2024-06-29,,Enterprise,100
1898,2024-06-29,,Pro,25
1899,2025-04-25,,Basic,10
1900,2024-06-29,2024-09-17,Basic,10
1901,2024-08-28,,Pro,25
1902,2025-02-24,,Basic,10
1903,2024-09-27,,Basic,10
1904,2024-12-26,2025-12-27,Basic,10
1905,2024-01-01,,Basic,10
1906,2024-10-27,,Pro,25
1907,2024-03-01,,Basic,10
1908,2025-05-25,2026-02-25,Pro,25
1909,2025-02-24,,Basic,10
1910,2025-03-26,,Basic,10
1911,2024-05-30,2025-07-04,Basic,10
1912,2025-03-26,,Enterprise,100
1913,2025-01-25,2025-05-05,Basic,10
1914,2024-10-27,2025-12-01,Pro,25
1915,2025-05-25,,Basic,10
1916,2024-01-01,2025-01-05,Pro,25
1917,2025-03-26,2026-05-02,Basic,10
1918,2024-03-31,2025-04-01,Pro,25
1919,2024-08-28,,Enterprise,100
1920,2025-02-24,2025-07-24,Basic,10
1921,2024-09-27,,Pro,25
1922,2025-03-26,2026-01-24,Basic,10
1923,2025-04-25,,Basic,10
1924,2025-05-25,,Pro,25
1925,2025-04-25,2025-09-14,Basic,10
1926,2025-02-24,,Pro,25
1927,2025-04-25,2026-06-03,Pro,25
1928,2024-11-26,,Enterprise,100
1929,2024-11-26,,Enterprise,100
1930,2024-04-30,,Basic,10
1931,2025-02-24,2025-08-07,Basic,10
1932,2024-01-31,,Pro,25
1933,2024-04-30,2025-08-26,Basic,10
1934,2024-01-31,,Basic,10
1935,2024-03-01,2025-06-19,Pro,25
1936,2024-05-30,,Basic,10
1937,2024-01-31,,Basic,10
1938,2025-01-25,,Basic,10
1939,2024-05-30,,Pro,25
1940,2025-01-25,2025-12-26,Pro,25
1941,2024-04-30,,Enterprise,100
1942,2024-08-28,2025-03-23,Basic,10
1943,2024-04-30,2025-03-25,Basic,10
1944,2025-04-25,,Enterprise,100
1945,2024-06-29,,Basic,10
1946,2025-03-26,2025-05-27,Basic,10
1947,2024-04-30,,Basic,10
1948,2024-05-30,2025-07-27,Pro,25
1949,2024-07-29,,Enterprise,100
1950,2024-11-26,,Basic,10
1951,2024-10-27,,Pro,25
1952,2024-03-01,,Basic,10
1953,2025-02-24,,Basic,10
1954,2024-01-31,2024-08-06,Pro,25
1955,2024-05-30,2024-10-14,Basic,10
1956,2025-02-24,2026-01-02,Basic,10
1957,2025-05-25,2026-03-02,Basic,10
1958,2025-01-25,,Enterprise,100
1959,2024-10-27,2025-03-23,Basic,10
1960,2025-03-26,,Basic,10
1961,2025-05-25,,Enterprise,100
1962,2024-04-30,,Basic,10
1963,2024-01-31,,Basic,10
1964,2025-01-25,2026-01-17,Basic,10
1965,2024-03-01,,Pro,25
1966,2024-06-29,2024-12-25,Pro,25
1967,2024-03-31,,Basic,10
1968,2024-01-01,2024-11-02,Basic,10
1969,2024-10-27,,Basic,10
1970,2024-05-30,2025-03-28,Pro,25
1971,2024-12-26,,Basic,10
1972,2025-01-25,,Basic,10
1973,2024-03-01,2024-12-22,Basic,10
1974,2024-05-30,,Enterprise,100
1975,2024-06-29,2024-12-09,Basic,10
1976,2025-02-24,,Basic,10
1977,2024-12-26,,Pro,25
1978,2024-06-29,,Enterprise,100
1979,2025-01-25,2026-02-23,Pro,25
1980,2025-03-26,,Enterprise,100
1981,2025-02-24,2026-04-02,Basic,10
1982,2024-12-26,,Basic,10
1983,2024-12-26,2025-03-15,Pro,25
1984,2025-05-25,2026-09-23,Basic,10
1985,2025-02-24,,Basic,10
1986,2024-01-31,2025-05-10,Basic,10
1987,2024-04-30,2025-02-06,Pro,25
1988,2025-01-25,2025-07-20,Basic,10
1989,2025-05-25,2026-06-15,Pro,25
1990,2024-01-31,,Basic,10
1991,2024-09-27,,Pro,25
1992,2024-07-29,,Basic,10
1993,2024-01-31,2024-09-09,Pro,25
1994,2024-11-26,2026-01-29,Basic,10
1995,2025-02-24,2026-02-19,Enterprise,100
1996,2024-06-29,2025-09-22,Basic,10
1997,2024-07-29,2024-09-29,Pro,25
1998,2024-12-26,2025-07-18,Basic,10
1999,2024-10-27,,Basic,10
2000,2024-11-26,2025-04-17,Basic,10
